name,category,fdc_id,calories,protein,carbs,fat,b6,b9_folate,b12,iron,magnesium,fiber,sugar,calcium,potassium,sodium,zinc,vitamin_c,vitamin_a,vitamin_e,vitamin_d,vitamin_k2,density,is_base_recipe,recipe_components,description,instructions,finished_weight_grams,g6pd_trigger
"Aleppo Pepper",Spices,171329,306,12,49.7,13,2.1,0,0,7.8,152,27.2,10.3,148,2014,30,2.5,76.4,1492,28,0,0,1,0,,,,,0
Allspice,Spices,171316,263,6.1,72.1,8.7,0.2,36,0,7.1,135,21.6,0,661,1044,77,1,39.2,27,0,0,0,1,0,,,,,0
"Almond Butter",Fats/Nuts,2262072,614,21,18.8,55.5,0.1,51,0,3.5,279,10.3,4.8,347,748,0,3.3,0,0,24.2,0,0,1,0,,"Pure ground almonds only — no added sugar, oils, or preservatives.",,,0
"Almond Flour",Grains/Nuts,168191,579,21.2,21.7,50,0.1,44,0,3.7,270,12.5,4.4,269,733,1,3.1,0,0,25.6,0,0,1,0,,,,,0
"Almond Flour (Base)","Base Ingredient",,579,21.2,21.7,50,0.1,44,0,3.7,270,12.5,4.4,269,733,1,3.1,0,0,25.6,0,0,1,1,,"Fine house-milled almond flour from whole raw almonds","Step 1: Blitz whole raw almonds in a high-speed blender until a fine, fluffy flour forms.\nStep 2: Sift once to remove any larger pieces; use immediately or store chilled.",,0
"Almond Milk (Unsweetened)",Beverages,,15,0.5,0.3,1.1,0.01,1,0,0.3,7,0.3,0,184,67,142,0.1,0,0,0.5,0,0,1,0,,"Clean unsweetened almond milk","Dairy-free liquid base.",,0
"Almond whole",Fats/Nuts,170567,579,21.2,21.7,49.9,0.1,44,0,3.7,270,12.5,4.4,269,733,1,3.1,0,0,25.6,0,0,1,0,,,,,0
"Anchovies canned",Proteins,175154,210,28.9,0,9.7,0.2,0,0.6,4.6,101,0,0,232,397,3668,1.7,0,15,0,1.7,1.5,1,0,,,,,0
"Anise Seeds",Spices,,337,17.6,50,15.9,0.5,10,0,37,170,14.6,0,646,1441,16,4.4,21,15,0,0,0,1,0,,,,,0
"Apple Cider Beet Marinade (Base)","Base Ingredient",,280.1,0.08,1.84,30.04,0.02,2.2,0,0.3,4.1,0.06,0.7,5,57.4,3.3,0.02,7.74,0.2,4.34,0,0,1,1,"Apple Cider Vinegar (25g) | Lemon Juice (10g) | Olive Oil (Extra Virgin) (15g)","Tangy apple cider vinaigrette for beet and fruit salads.","Step 1: Whisk vinegar and olive oil together.\nStep 2: Toss with prepared salad and rest 15–20 minutes.",50,0
"Apple Cider Vinegar",Pantry,173469,21,0,0.9,0,0,0,0,0.2,5,0,0.4,7,73,5,0,0,0,0,0,0,1,0,,,,,0
"Apple Green",Fruits,168195,52,0.3,13.8,0.2,0,3,0,0.1,5,2.4,10.4,6,107,1,0,4.6,3,0.2,0,0,1,0,,,,,0
"Apple Juice",Liquids,168198,46,0.1,11.3,0.1,0,0,0,0.1,5,0.2,9.6,8,101,4,0,0.9,0,0,0,0,1,0,,,,,0
"Apple Red",Fruits,171688,52,0.3,13.8,0.2,0,3,0,0.1,5,2.4,10.4,6,107,1,0,4.6,3,0.2,0,0,1,0,,,,,0
"Apricots (Dried)",Fruits,173941,241,3.4,62.6,0.5,0.14,10,0,2.7,32,7.3,53.4,55,1162,10,0.4,1,180,4.3,0,0,1,0,,,,,0
"Arborio Rice",Grains,169756,358,6.5,79.1,0.5,0.16,231,0,4.3,25,1.3,0.1,3,115,1,1.1,0,0,0,0,0,1,0,,,,,0
Artichokes,Vegetables,168386,47,3.3,10.5,0.2,0.12,68,0,1.3,60,5.4,1,44,370,94,0.5,11.7,1,0.2,0,0,1,0,,,,,0
Arugula,Vegetables,169387,25,2.6,3.7,0.7,0.07,97,0,1.5,47,1.6,2.1,160,369,27,0.5,15,119,0.4,0,0,1,0,,,,,0
Asparagus,Vegetables,168389,20,2.2,3.9,0.1,0.09,52,0,2.1,14,2.1,1.9,24,202,2,0.5,5.6,38,1.1,0,0,1,0,,,,,0
Avocado,Fats,171705,160,2,8.5,14.7,0.26,81,0,0.6,29,6.7,0.7,12,485,7,0.6,10,7,2.1,0,0,1,0,,,,,0
"Avocado Oil",Fats,,884,0,0,100,0,0,0,0,0,0,0,0,0,0,0,0,0,13,0,0,1,0,,,,,0
"Avocado-Mango Salsa (Base)","Base Ingredient",,93.93,1.17,9.5,6.48,0.1636,43.2193,0,0.4312,16.4015,2.7918,5.7063,16.342,258.0186,300.9257,0.2602,37.3271,54.1859,1.5204,0,0,1,1,"Avocado (60g) | Bell Pepper (Red) (40g) | Black Pepper (1g) | Coconut Water (20g) | Fresh Coriander (10g) | Lime Juice (15g) | Mango (80g) | Olive Oil (Extra Virgin) (8g) | Red Chili (3g) | Red Onion (30g) | Sea Salt (2g)","Fresh avocado-mango salsa with pepper, onion, cilantro, and lime — optional chilli for heat.","Step 1: Dice mango, avocado, pepper, and onion; rinse onion and drain.\nStep 2: Chop coriander and mince chilli if using.\nStep 3: Fold together with lime juice, coconut water, olive oil, salt, and pepper. Rest 10 minutes before serving.",269,1
"Baking Powder",Pantry,174274,53,0,27.7,0,0,0,0,0,0,0,0,5876,20,10600,0,0,0,0,0,0,1,0,,,,,0
"Baking Soda",Pantry,1105342,0,0,0,0,0,0,0,0,0,0,0,0,0,27360,0,0,0,0,0,0,1,0,,,,,0
"Balsamic Vinegar",Pantry,172235,88,0.5,17,0,0.02,0,0,0.7,12,0,15,27,112,23,0.1,0,0,0,0,0,1,0,,,,,0
Banana,Fruits,173944,89,1.1,22.8,0.3,0.37,20,0,0.3,27,2.6,12.2,5,358,1,0.1,8.7,3,0.1,0,0,1,0,,,,,0
Barberries,Spices,168153,316,3.8,63.9,0,0,0,0,20,20,7.4,27,40,120,15,0.5,24,10,0,0,0,1,0,,,,,0
"Base Soup",Fats,9874,187.98,26.88,30.44,37.65,7.45,495,5.82,10.45,192.92,0,0,0,0,0,0,0,0,0,0,8,0.23,0,,"Line1 Line2, comma","Step 1\nStep 2",,0
Basil,Herbs,172232,23,3.15,2.65,0.64,0.15,68,0,3.17,64,1.6,0.3,177,295,4,0.81,18,264,0.8,0,0,1,0,,,,,0
"Basil Pesto (House)","Base Ingredient",,267.05,2.16,4.03,27.97,0.1586,38.8207,0,2.0414,37.531,1.0276,0.4828,108.869,195.8414,538.3931,0.5172,15.6552,145.7586,4.4276,0,0,1,1,"Fresh Basil (80g) | Garlic (Raw) (8g) | Lemon Juice (15g) | Olive Oil (Extra Virgin) (40g) | Sea Salt (2g)","Clean nut-free herbaceous basil pesto fluid","Step 1: Place fresh basil leaves, raw garlic, and sea salt into a food processor.\nStep 2: Pulse while slowly streaming in extra virgin olive oil until a vibrant, smooth green emulsion forms.",145,0
"Basmati Brown",Grains,169704,362,7.5,76.2,2.7,0.51,20,0,1.5,143,3.4,0.8,23,268,7,2,0,0,0.1,0,0,1,0,,,,,0
"Basmati Rice (Brown)",Grains,1104383,162,4.1,33.5,1.1,0.15,14,0,0.6,72,1.7,0.3,7,110,2,0.1,0,0,0.2,0,0,1,0,,,,,0
"Basmati Rice (White)",Grains,1104382,121,3.1,34.7,0.2,0.05,5,0,0.1,4,0.8,0.1,2,25,0,0.6,0,0,0,0,0,1,0,,,,,0
"Basmati White",Grains,169703,356,7.1,78.6,0.7,0.16,9,0,0.8,25,1.3,0.1,10,115,5,1.1,0,0,0,0,0,1,0,,,,,0
"Bay Leaves",Spices,171320,313,7.6,75,8.4,1.74,180,0,43,120,26.3,0,834,529,23,3.7,46.5,309,0,0,0,1,0,,,,,0
"Bean Sprouts",Vegetables,1103357,30,3,6,0.2,0.09,61,0,0.9,21,1.8,4.1,13,155,6,0.4,13.2,1,0.1,0,0,1,0,,,,,0
"Beef Brisket",Proteins,174029,251,18.2,0,19.3,0.35,8,2.1,1.9,16,0,0,7,250,62,5.3,0,0,0.2,0.1,1.5,1,0,,,,,0
"Beef Chuck Roast",Proteins,100308,176,20,0,10.1,0.34,7,3.5,2.1,21,0,0,11,318,65,8.4,0,0,0.1,0.1,1.5,1,0,,,,,0
"Beef Ground",Proteins,173111,250,18.2,0,19,0.38,9,2.6,1.9,19,0,0,12,280,70,4.8,0,0,0.2,0.1,1.5,1,0,,,,,0
"Beef Ground Lean",Proteins,,182,26,0,8,0.4,8,2.2,2.7,21,0,0,12,340,65,4.5,0,0,0.1,0,1.5,0.95,0,,"Lean ground beef, raw","Lean ground beef sourced for clean whole-food profiles.",,0
"Beef Leg Bones",Proteins,,85,3.5,0,6.5,0.12,0,0.5,0.8,8,0,0,18,95,15,1.5,0,0,0,0,0,1,0,,"Beef leg bones cracked to expose the marrow for long-simmered broth; solids are strained out after cooking.",,,0
"Beef Liver",Proteins,168631,191,28,5.3,5,0.7,253,70,6.5,18,0,0.5,6,313,78,4,1.3,4968,0.4,1.2,12,1,0,,"Pan-seared beef liver. Very high in B12, iron, folate, and vitamin A — blend 15–25 g per serving into ground beef only, or use in dedicated liver mains/salads.",,,0
"Beef Rib Bones (Trimmed)",Proteins,,55,2.5,0,3.5,0.08,0,0.4,0.5,5,0,0,15,80,12,1.2,0,0,0,0,0,1,0,,"Bone-in rib bones with all visible meat removed before roasting for broth.",,,0
"Beef Ribeye",Proteins,174036,291,24,0,22,0.44,6,2.5,1.9,21,0,0,9,321,54,4.5,0,0,0.2,0.1,1.5,1,0,,,,,0
"Beef Ribs",Proteins,,248,19,0,18,0.35,7,2.4,2,19,0,0,10,290,60,6.5,0,0,0.2,0.1,1.5,1,0,,"Bone-in beef ribs for roasting and broth extraction.",,,0
"Beef Sirloin",Proteins,173322,162,27,0,6,0.55,9,2,2.2,26,0,0,18,380,54,5,0,0,0.2,0.1,1.5,1,0,,,,,0
"Beef Topside",Proteins,174677,162,28,0,5,0.58,10,2.1,2.5,27,0,0,5,390,50,5.2,0,0,0.2,0.1,1.5,1,0,,,,,0
Beetroot,Vegetables,169145,43,1.6,9.6,0.2,0.07,109,0,0.8,23,2.8,6.8,16,325,78,0.4,4.9,2,0,0,0,1,0,,,,,0
"Bell Pepper (Red)",Vegetables,170497,31,1,6,0.3,0.29,46,0,0.4,12,2.1,4.2,7,211,4,0.3,127.7,157,1.6,0,0,1,0,,,,,0
"Black Beans",Legumes,,132,8.9,23.7,0.5,0.1,149,0,2.1,70,8.7,0.3,27,355,1,0.9,0,0,0,0,0,0.8,0,,,,,1
"Black Beans (Cooked)",Proteins/Legumes,173735,132,8.9,23.7,0.5,0.07,149,0,2.1,70,8.7,0.3,27,355,1,1.1,0,0,0,0,0,1,0,,,,,0
"Black Lentils",Proteins/Legumes,172420,116,9,20,0.4,0.18,181,0,3.3,36,7.9,1.8,19,369,2,1.3,1.5,1,0.1,0,0,1,0,,,,,0
"Black Pepper",Spices,172181,251,10.4,64,3.3,0.29,17,0,9.7,171,25.3,0.6,443,1329,20,1.1,0,27,1,0,0,1,0,,,,,0
"Black Seeds",Spices,1104374,375,16,44,22,0.5,15,0,18.5,385,10.5,2.3,931,1694,168,5.5,21,0,0,0,0,1,0,,,,,0
"Black Tamarind (Dried)",Pantry,,239,2.8,62.5,0.6,0.07,14,0,2.8,92,5.1,57.4,74,628,28,0.1,3.5,2,0.1,0,0,1,0,,"Sour dried black tamarind pulp for tandoori and Thai marinades.",,,0
"Blackened Seasoning (Base)","Base Ingredient",,272.29,11.1,60.62,5.05,1.0952,53.3333,0,22.5238,127.0476,23,4.6667,566.8571,1269.3333,3725.619,2.4762,15.2857,614.4762,9,0,0,1,1,"Black Pepper (2g) | Cayenne Pepper (1g) | Garlic Powder (4g) | Onion Powder (4g) | Oregano (2g) | Sea Salt (2g) | Smoked Paprika (4g) | Thyme (2g)","Classic Cajun blackened spice rub with smoked paprika, garlic, onion, oregano, thyme, and cayenne heat.","Step 1: Whisk together 2 tsp smoked paprika, 2 tsp garlic powder, 2 tsp onion powder, 1 tsp sea salt, 1 tsp dried oregano, 1 tsp dried thyme, ½ tsp black pepper, and ¼–½ tsp cayenne pepper until evenly blended.\nStep 2: Store airtight. Use as a dry rub on fish, chicken, or vegetables before high-heat searing.",21,0
Blueberries,Fruits,171711,57,0.7,14.5,0.3,0.05,6,0,0.3,6,2.4,10,6,77,1,0.2,9.7,3,0.6,0,0,1,0,,,,,0
"Bok Choy",Vegetables,170390,13,1.5,2.2,0.2,0.19,66,0,0.8,19,1,1.2,105,252,65,0.2,45,243,0.1,0,0,1,0,,,,,0
"Bone Broth (Base)","Base Ingredient",,17,3.5,0,0.3,0.02,2,0.05,0.2,3,0,0,10,40,50,0.15,0,0,0,0,0.01,1,1,"Apple Cider Vinegar (97.5g) | Beef Leg Bones (6000g) | Carrots (600g) | Celery (300g) | Cinnamon (10g) | Loomi (Black Lime) (30g) | Turmeric (15g) | Water (Filtered) (15200g) | White Onion (900g)","Fully defatted, strained beef bone broth from cracked leg bones with cinnamon, black lemon (loomi), and turmeric — batch yields 10 L (20 × 500 ml cups). Nutrition is for finished skimmed broth per 100 ml, not raw marrow or vegetable solids.","Step 1: The Large-Scale Roast — Preheat your oven to 400°F (200°C). Arrange the 6 kg of cracked leg bones across multiple baking sheets so they are not crowded. Roast for 35–40 minutes until deeply browned and fragrant.\nStep 2: Vessel Selection & Simmer — You will need a very large stockpot (at least 20 to 24 quarts / liters in capacity) to hold the bones and 15.2 liters of water. Combine the roasted bones, apple cider vinegar, water, cinnamon, loomi (black lemon), and turmeric. Bring to a boil, then immediately turn down to the lowest stovetop setting. Cover with a lid slightly ajar and simmer for 24 to 36 hours.\nStep 3: Aromatic & Strain — Add your 6 onions, carrots, and celery for the final 4 hours of the simmer. Strain the massive volume of liquid through a fine-mesh sieve into large, heat-safe containers.\nStep 4: The 20-Serving Calorie Lock — Because beef leg bones contain a high volume of marrow, this batch will generate a very thick layer of hard white beef tallow on top. Refrigerate the strained liquid overnight. Once completely chilled, scrape away 100% of the solid fat crust. Your remaining 10 liters of broth will be a dense, jiggly, calorie-controlled gelatin.",10000,0
Brie,Dairy,,334,20.8,0.5,27.7,0.07,65,2.3,0.3,0,0,0.5,184,62,629,2.4,0,174,0.2,0.5,2.3,1,0,,,,,0
Broccoli,Vegetables,170379,34,2.8,6.6,0.4,0.18,63,0,0.7,21,2.6,1.7,47,316,33,0.4,89.2,31,0.8,0,0,1,0,,,,,0
"Broccoli Raw",Vegetables,,34,2.8,7,0.4,6.26,84.63,6.47,0.25,93.45,0,0,0,0,0,0,0,0,0,0,0,2.39,0,,,,,0
"Broccoli Raw",Vegetables,,34,2.8,7,0.4,7.19,246.96,4.64,5.11,27.43,0,0,0,0,0,0,0,0,0,0,0,0.18,0,,,,,0
"Broccoli Raw",Vegetables,2647,34,2.8,7,0.4,6.64,56.11,12.06,13.32,169.71,0,0,0,0,0,0,0,0,0,0,0,1.71,0,,,,,0
"Broccoli Raw",Vegetables,9296,34,2.8,7,0.4,9.43,379.26,8.07,4.15,127.21,0,0,0,0,0,0,0,0,0,0,0,0.96,0,,,,,0
"Broccoli Raw",Vegetables,,34,2.8,7,0.4,3.43,72.68,12.7,1.71,165.66,0,0,0,0,0,0,0,0,0,0,0,0.61,0,,,,,0
"Broccoli Raw",Vegetables,1103,34,2.8,7,0.4,6.99,39.63,13.33,4.51,91.92,0,0,0,0,0,0,0,0,0,0,0,0.37,0,,,,,0
"Broccoli Raw",Vegetables,,34,2.8,7,0.4,7.16,182.42,1.34,9.59,299.24,0,0,0,0,0,0,0,0,0,0,0,1.79,0,,,,,0
"Broccoli Raw",Vegetables,,34,2.8,7,0.4,8.32,131.38,13.73,1.91,35.97,0,0,0,0,0,0,0,0,0,0,0,2.73,0,,,,,0
"Broccoli Raw",Vegetables,,34,2.8,7,0.4,0.14,23.47,15.16,14.46,55.19,0,0,0,0,0,0,0,0,0,0,0,2.12,0,,,,,0
"Broccoli Raw",Vegetables,7739,34,2.8,7,0.4,0.42,176.83,4.94,16.13,186.67,0,0,0,0,0,0,0,0,0,0,0,0.98,0,,,,,0
"Broccoli Raw",Vegetables,3313,34,2.8,7,0.4,5.93,433.88,19.69,12.11,232.32,0,0,0,0,0,0,0,0,0,0,0,1.22,0,,,,,0
"Broccoli Raw",Vegetables,,34,2.8,7,0.4,0.86,203.55,13.99,15.07,161.86,0,0,0,0,0,0,0,0,0,0,0,1.44,0,,,,,0
"Broccoli Raw",Vegetables,5775,34,2.8,7,0.4,6.56,323.56,11.66,12.72,72.79,0,0,0,0,0,0,0,0,0,0,0,2.92,0,,,,,0
"Broccoli Raw",Vegetables,,34,2.8,7,0.4,6.12,96.49,6.37,0.4,72.44,0,0,0,0,0,0,0,0,0,0,0,2.65,0,,,,,0
"Broccoli Raw",Vegetables,,34,2.8,7,0.4,7.73,419.92,10.93,12.51,54.06,0,0,0,0,0,0,0,0,0,0,0,0.69,0,,,,,0
"Broccoli Raw",Vegetables,6271,34,2.8,7,0.4,9.25,11.49,9.38,1.85,136.7,0,0,0,0,0,0,0,0,0,0,0,2.31,0,,,,,0
"Broccoli Raw",Vegetables,,34,2.8,7,0.4,2.93,414.92,7.32,16.8,251.73,0,0,0,0,0,0,0,0,0,0,0,0.6,0,,,,,0
"Broccoli Raw",Vegetables,,34,2.8,7,0.4,7.77,230.77,17.25,11.51,262.72,0,0,0,0,0,0,0,0,0,0,0,2.96,0,,,,,0
"Broccoli Raw",Vegetables,,34,2.8,7,0.4,6.43,176.92,14.26,15.79,26.96,0,0,0,0,0,0,0,0,0,0,0,0.28,0,,,,,0
"Broccoli Raw",Vegetables,9480,34,2.8,7,0.4,4.96,108.37,4.91,12.47,3.34,0,0,0,0,0,0,0,0,0,0,0,1.22,0,,,,,0
"Broccoli Raw",Vegetables,4932,34,2.8,7,0.4,0.9,495.85,9.72,10.3,57.98,0,0,0,0,0,0,0,0,0,0,0,1.38,0,,,,,0
"Broccoli Raw",Vegetables,,34,2.8,7,0.4,5.85,141.07,8.52,13.06,130.58,0,0,0,0,0,0,0,0,0,0,0,2.35,0,,,,,0
"Broccoli Raw",Vegetables,6112,34,2.8,7,0.4,4.78,253.94,18.29,18.6,166.07,0,0,0,0,0,0,0,0,0,0,0,1.38,0,,,,,0
"Broccoli Raw",Vegetables,6593,34,2.8,7,0.4,0.3,178.2,15.97,5.02,20.88,0,0,0,0,0,0,0,0,0,0,0,1.83,0,,,,,0
"Broccoli Raw",Vegetables,,34,2.8,7,0.4,1.97,214.29,17.71,15.66,196.07,0,0,0,0,0,0,0,0,0,0,0,1.45,0,,,,,0
"Broccoli Raw",Vegetables,6216,34,2.8,7,0.4,6.68,416.89,8.92,4.39,3.77,0,0,0,0,0,0,0,0,0,0,0,0.96,0,,,,,0
"Broccoli Raw",Vegetables,7124,34,2.8,7,0.4,8.21,194.61,6.78,0.22,103.13,0,0,0,0,0,0,0,0,0,0,0,2.84,0,,,,,0
"Broccoli Raw",Vegetables,4900,34,2.8,7,0.4,6.17,268.14,10.69,0.6,5.85,0,0,0,0,0,0,0,0,0,0,0,1.97,0,,,,,0
"Broccoli Raw",Vegetables,3912,34,2.8,7,0.4,4.1,420.03,11.28,7.03,172.48,0,0,0,0,0,0,0,0,0,0,0,0.66,0,,,,,0
Broccolini,Vegetable,170427,35,3.5,6,0.5,0.2,71,0,0.7,21,3.5,1.5,40,316,33,0.4,89.2,77,0.8,0,0,1,0,,,,,0
"Brown Cardamom",Spices,,311,10.8,68.5,6.7,0.2,0,0,13.9,229,28,0,383,1119,18,7.5,21,0,0,0,0,1,0,,,,,0
"Brown Herbal Rice (Base)","Base Ingredient",,111.24,2.52,23.29,0.83,0.1568,11.929,0,0.6805,45.6391,1.2337,0.2633,14.2959,103.1124,233.4083,0.6509,3.1479,9.9645,0.0473,0,0,1,1,"Basmati Brown (100g) | Cannellini Beans (8g) | Fresh Parsley (8g) | Sea Salt (2g) | Water (Filtered) (220g)","Steamed brown basmati rice folded with fresh dill and parsley.","Step 1: Rinse brown basmati rice thoroughly under cold water, then soak it overnight in plenty of cold filtered water. (Soak overnight for better nutrient absorption by deactivating phytic acid, to improve digestibility, remove bitterness, and to reduce cooking time.)\nStep 2: Drain the soaked rice and rinse briefly.\nStep 3: Simmer rice with filtered water and sea salt, covered, for 35–40 minutes until tender; rest 5 minutes off heat.\nStep 4: Fluff with a fork and fold in chopped fresh dill and parsley.",338,1
"Brown Onion",Vegetables,,40,1.1,9.34,0.1,0.12,19,0,0.21,10,1.7,4.24,23,146,4,0.17,7.4,0,0.02,0,0,1,0,,,,,0
"Buckwheat Flour",Grains,170685,335,12.6,70.6,3.1,0.58,54,0,4.1,251,10,2.6,41,577,11,3.1,0,0,0,0,0,1,0,,,,,0
"Buckwheat Spaghetti (Cooked)",Grains,168917,99,5.1,21.4,0.1,0.05,15,0,0.8,51,0,0.1,4,12,60,0.4,0,0,0,0,0,1,0,,,,,0
Burrata,Dairy,170438,250,14,3.6,21,0.04,7,0.7,0.2,11,0,3.6,400,100,600,2.1,0,198,0.4,0.3,2.2,1,0,,,,,0
"Butter (Unsalted)",Fats,173410,717,0.9,0.1,81.1,0,3,0.2,0,2,0,0.1,24,24,11,0.1,0,684,2.3,1.5,8,1,0,,,,,0
"Butter Beans",Legumes,175249,115,7.8,20.9,0.4,0.2,102,0,2.4,43,7,0.3,17,508,5,0.8,0,0,0,0,0,0.8,0,,,,,1
"Butternut Squash",Vegetables,169225,45,1,11.7,0.1,0.15,27,0,0.7,34,2,2.2,48,352,4,0.2,21,532,1.4,0,0,1,0,,,,,0
"Cabbage (Purple)",Vegetables,169977,31,1.4,7.4,0.2,0.21,18,0,0.8,16,2.1,3.8,45,243,27,0.2,57,56,0.1,0,0,1,0,,,,,0
"Cacao Nibs",Pantry,170154,600,13,28,50,0.1,32,0,13.9,499,33,0,73,1524,21,6.8,0,5,0.1,0,0,1,0,,,,,0
"Cacao Powder",Pantry,,228,19.6,57.9,13.7,0.12,32,0,13.9,499,33.2,1.8,128,1524,21,6.8,0,0,0.1,0,0,1,0,,,,,0
"Cajun Powder",Spices,,282,11,45,12,1.8,30,0,15,140,25,8,130,1800,3000,3,30,1200,22,0,0,1,0,,"Legacy reference only — use Cajun Spice (Base) in all meal and base recipes.",,,0
"Cajun Spice (Base)","Base Ingredient",,283.56,12.08,57.83,8.28,1.1667,45.5,0,21.0833,122.8889,26.1667,5.3333,483,1362.6667,2184.7222,2.5278,11.0278,962.8889,12.75,0,0,1,1,"Black Pepper (2g) | Cayenne Pepper (2g) | Celery Seeds (2g) | Garlic Powder (4g) | Italian Herb Blend (2g) | Onion Powder (4g) | Oregano (2g) | Paprika (12g) | Sea Salt (2g) | Thyme (2g) | White Peppercorns (2g)","House Cajun spice blend with paprika, onion, garlic, peppers, herbs, and celery seed.","Step 1: Combine 6 tablespoons paprika, 2 tablespoons onion powder, 2 tablespoons garlic powder, 1 tablespoon black pepper, 1 tablespoon white pepper, 1 tablespoon cayenne pepper, 1 tablespoon dried oregano, 1 tablespoon dried basil, 2 teaspoons dried thyme, and 2 teaspoons celery seed.\nStep 2: Whisk until evenly blended.\nStep 3: Store airtight away from heat and light.",36,0
"Cane Sugar",Pantry,,387,0,100,0,0,0,0,0.1,1,0,100,1,2,1,0,0,0,0,0,0,1,0,,,,,0
"Cannellini Beans",Legumes,173757,139,9.7,25.1,0.4,0.1,102,0,3.7,63,6.3,0.3,90,452,1,1.4,0,0,0,0,0,1,0,,,,,1
Capers,Pantry,172236,23,2.4,4.9,0.9,0.02,23,0,1.7,33,3.2,0.4,40,40,2348,0.3,4.3,7,0.9,0,0,1,0,,,,,0
"Carom Seeds",Spices,,305,16,43,25,0.5,10,0,15,385,39,0,1034,1694,10,5,0,0,0,0,0,1,0,,,,,0
Carrot,Vegetable,,41,0.9,9.6,0.2,0.1,19,0,0.3,12,2.8,4.7,33,320,69,0.2,5.9,835,0.7,0,0,1,0,,,,,0
Carrots,Vegetables,170393,41,0.9,9.6,0.2,0.14,19,0,0.3,12,2.8,4.7,33,320,69,0.2,5.9,835,0.7,0,0,1,0,,,,,0
"Cashew Butter",Fats/Nuts,1104313,587,17.6,27.6,49.4,0.42,68,0,5,258,2,6.1,43,632,15,5.6,0,0,0.9,0,0,1,0,,,,,0
"Cashew Cream (Base)","Base Ingredient",,316,10.4,17.26,25.03,0.2429,14.2857,0,3.8286,167.2857,1.8857,3.3714,22.4286,377.1429,7.2857,3.3143,0.2857,0,0.5143,0,0,1,1,"Cashew Nuts (80g) | Water (Filtered) (60g)","Thick, dairy-free cream base.","Step 1: Soak cashews in hot water for 15 minutes.\nStep 2: Drain and blend with 60g filtered water until completely smooth.",140,0
"Cashew Nuts",Fats/Nuts,170587,553,18.2,30.2,43.8,0.42,25,0,6.7,292,3.3,5.9,37,660,12,5.8,0.5,0,0.9,0,0,1,0,,,,,0
"Cassava Flour",Grains,1105151,358,1.4,86,0.1,0.09,27,0,0.3,21,5,3.5,16,271,14,0.3,20,1,0.2,0,0,1,0,,,,,0
Cauliflower,Vegetables,169986,25,1.9,5,0.3,0.18,57,0,0.4,15,2,1.9,22,299,30,0.3,48.2,0,0.1,0,0,1,0,,,,,0
"Cauliflower Florets",Vegetables,,25,1.9,5,0.3,0.18,57,0,0.4,15,2,1.9,22,299,30,0.3,48.2,0,0.1,0,0,1,0,,"Fresh raw cauliflower floret clusters","Clean cruciferous vegetable bases.",,0
"Cayenne Pepper",Spices,,318,12,56.6,17.3,2.45,106,0,7.8,152,27.2,10.3,148,2014,30,2.5,76.4,2080,29.8,0,0,1,0,,,,,0
Celery,Vegetables,169988,14,0.7,3,0.2,0.07,36,0,0.2,11,1.6,1.3,40,260,80,0.1,3.1,22,0.3,0,0,1,0,,,,,0
"Celery Seeds",Spices,,392,18.1,41.4,25.3,0,0,0,0,0,0,0,0,0,0,0,0,0,0,0,0,0.5,0,,"Dried celery seeds for spice blends and pickling.",,,0
Chard,Vegetables,169991,19,1.8,3.7,0.2,0.1,14,0,1.8,81,1.6,1.1,51,379,213,0.4,30,306,1.9,0,0,1,0,,"Swiss chard (silverbeet) — mature leaves; widely available in Bahrain markets.",,,0
"Cheddar Cheese",Dairy,173414,403,24.9,1.3,33.1,0.07,18,0.8,0.7,28,0,0.5,721,98,621,3.1,0,265,0.3,0.6,8.6,1,0,,,,,0
"Cherry Tomato",Vegetable,,18,0.9,3.9,0.2,0.1,15,0,0.3,11,1.2,2.6,10,237,5,0.2,13.7,42,0.5,0,0,1,0,,,,,0
"Cherry Tomatoes",Vegetable,,18,0.9,3.9,0.2,0.1,15,0,0.3,11,1.2,2.6,10,237,5,0.2,13.7,42,0.5,0,0,1,0,,,,,0
"Chia Pudding","Base Ingredient",,274.76,4.38,16.32,23.29,0.0244,20.2,0,3.7911,81.0222,7.0622,8.04,111,271.3333,14.4222,1.2733,2.46,0.4667,0.2333,0,0,1,1,"Chia Seeds (70g) | Coconut Milk (350g) | Honey (Raw) (30g)",,,450,0
"Chia Seeds",Fats/Nuts,170554,486,16.5,42.1,30.7,0,49,0,7.7,335,34.4,0,631,407,16,4.6,1.6,3,0.5,0,0,1,0,,,,,0
"Chicken Breast",Proteins,171077,120,23,0,2.6,0.6,4,0.3,1,28,0,0,15,256,74,1,0,6,0.3,0.1,8.4,1,0,,"Boneless skinless breast — amounts in meals are raw prep weight (before cooking). ~23 g protein per 100 g raw; ~31 g protein per 100 g cooked plain breast.",,,0
"Chicken Breast",Proteins,,120,22,0,3,1.83,108.55,16.89,10.62,76.89,0,0,0,0,0,0,0,0,0,0,0,1.59,0,,,,,0
"Chicken Breast",Proteins,,120,22,0,3,3.5,256.42,14.16,14.21,197.23,0,0,0,0,0,0,0,0,0,0,0,1.91,0,,,,,0
"Chicken Breast",Proteins,,120,22,0,3,4.84,155.6,15.21,13.27,267.98,0,0,0,0,0,0,0,0,0,0,0,2.57,0,,,,,0
"Chicken Breast",Proteins,,120,22,0,3,7.55,89.38,0.2,4.33,267.67,0,0,0,0,0,0,0,0,0,0,0,2.76,0,,,,,0
"Chicken Broth","Soups & Broths",,15,2.5,0.5,0.2,0.01,1,0.1,0.2,4,0,0.2,8,90,280,0.1,0,0,0,0,0,1,0,,"A clean, slow-simmered artisanal chicken stock packed with natural collagen and trace micronutrients.",,,0
"Chicken Liver",Proteins,171060,119,16.9,0.7,4.8,0.85,588,16.6,8.99,19,0,0,8,230,71,2.67,17.9,11028,0.69,1.3,12,1,0,,"Raw chicken liver. High in B12, iron, folate, and vitamin A — mince and blend into ground poultry or beef, or use in dedicated liver mains.",,,0
"Chicken thigh",Proteins,172388,209,26,0,10.9,0.4,7,0.3,1.3,23,0,0,11,269,87,2,0,41,0.3,0.1,2,1,0,,,,,0
"Chickpea Flour",Grains,174288,387,22.4,57.8,6.7,0.49,437,0,4.9,166,10.8,10.9,45,846,64,2.8,0,2,0.8,0,0,1,0,,,,,1
Chickpeas,Legumes,173752,164,8.9,27.4,2.6,0.1,172,0,2.9,48,7.6,4.8,49,291,7,1.5,1.3,1,0.3,0,0,0.85,0,,,,,1
"Chili Dried","Spices / Pantry",,324,11.2,57.1,5.8,2.2,40,0,8.2,152,28.7,10.4,45,1870,88,2.1,1.1,1020,0,0,0,1,0,,"Whole dried red chili pods used for sputtering.",,,0
"Chili Flakes",Spices,,324,12,50,17,2.1,0,0,7.8,152,27,10,148,2014,30,2.5,76,1492,28,0,0,1,0,,,,,0
"Chili Powder",Spices,,282,13.5,49.7,14.3,2.1,0,0,17.3,149,34.8,7.2,330,1950,286,4.3,0,2700,0,0,0,0.4,0,,"Ground dried chili pepper blend","Warm spice seasoning element.",,0
"Chilli Powder","Spices / Pantry",,282,13.5,49.7,14.3,2.1,51,0,17.3,149,34.8,7.2,330,1950,1640,4.3,7.2,1480,28.7,0,0,1,0,,"Vibrant ground red chili powder spice blend.",,,0
"Chives (Dried)",Spices,,311,21.2,64.3,3.5,0.1,0,0,8.3,280,26.2,0,689,2130,55,1.1,21,4353,0.2,0,0,1,0,,,,,0
"Cilantro (Dried)",Spices,,279,21.9,52.1,4.8,0.1,0,0,42.5,330,10.4,0,1246,4466,211,4.7,21,293,0,0,0,1,0,,,,,0
"Cilantro Lime Dressing (Base)","Base Ingredient",,420.79,0.91,5.78,45.28,0.0769,10.5641,0,1.4359,11.7564,0.8205,0.8205,33.141,140.0385,1003.1154,0.1667,15.6026,35.9487,6.8462,0,0,1,1,"Black Pepper (0.5g) | Cumin Seeds (1g) | Fresh Coriander (8g) | Garlic (Raw) (3g) | Lime Juice (30g) | Olive Oil (Extra Virgin) (35g) | Sea Salt (2g)","Bright cilantro-lime vinaigrette with garlic and cumin — for bowls, plant dishes, and herb-forward plates.","Step 1: Finely chop the coriander and mince the garlic.\nStep 2: Whisk olive oil, lime juice, garlic, cumin, salt, and pepper in a jar.\nStep 3: Stir in coriander just before serving.",78,0
Cinnamon,Spices,172231,247,4,80.6,1.2,0.16,6,0,8.3,60,53.1,2.2,1002,431,10,1.8,3.8,15,2.3,0,0,1,0,,,,,0
"Classic Lemon Garlic Dressing (Base)","Base Ingredient",,505.06,0.53,4.55,55.34,0.0859,4.3067,0,0.5153,5.2393,0.3681,0.9693,14.9448,66.3436,953.546,0.1104,15.7791,0.5399,8,0,0,1,1,"Black Pepper (0.5g) | Garlic (Raw) (4g) | Lemon Juice (30g) | Olive Oil (Extra Virgin) (45g) | Sea Salt (2g)","Everyday lemon-garlic vinaigrette with olive oil, salt, and pepper.","Step 1: Mince the garlic.\nStep 2: Whisk olive oil, lemon juice, garlic, salt, and pepper until combined.\nStep 3: Toss with salad just before serving.",81.5,0
Clove,Spices,,274,6,65.5,13,0.39,0,0,11.8,259,33.9,2.4,632,1020,27,2.3,0.2,0,8.8,0,0,0.42,0,,"Ground aromatic dried clove buds","Pungent warm Levantine baking spice.",,0
"Cocoa Powder",Pantry,169593,228,19.6,57.9,13.7,0.12,32,0,13.9,499,33.2,1.8,128,1524,21,6.8,0,0,0.1,0,0,1,0,,,,,0
"Coconut Butter",Fats,,660,6,18,65,0.05,15,0,2.5,90,12,6,25,500,30,1.5,1,0,0.3,0,0,1,0,,,,,0
"Coconut Chia Pudding (Base)","Base Ingredient",,264.8,3.9,14.63,23.09,0.0244,19.1057,0,3.6463,71.061,5.9837,7.6911,90.4228,266.6341,171.9431,1.1423,2.5041,0.3659,0.2236,0,0,1,1,"Chia Seeds (30g) | Coconut Milk (200g) | Honey (Raw) (15g) | Sea Salt (1g)","A creamy, mineral-rich base made with healthy fats and fiber, designed for easy meal prep and gut health.","Step 1: In a glass jar, whisk the chia seeds, honey, and salt into the coconut milk.\nStep 2: Cover and refrigerate for at least 4 hours or overnight.\nStep 3: Stir once before serving.",246,0
"Coconut Chicken Curry",,,0,0,0,0,0,0,0,0,0,0,0,0,0,0,0,0,0,0,0,0,1,0,,,"Rich red curry with coconut milk and tender chicken; serve over jasmine rice with fresh Thai basil.",,0
"Coconut Cream",Fats,170174,330,3.6,6.6,34.7,0.06,16,0,3.3,100,2.2,3.3,18,540,35,1,2.8,0,0.2,0,0,1,0,,,,,0
"Coconut Flour",Grains,1105001,429,17.9,57.1,14.3,0.05,0,0,9,90,39.3,7.1,0,1928,143,2,0,0,0.3,0,0,1,0,,,,,0
"Coconut Meat",Fruits,170169,354,3.3,15.2,33.5,0.05,26,0,2.4,32,9,6.2,14,356,20,1.1,3.3,0,0.24,0,0,0.6,0,,"Fresh raw coconut meat, rich in medium-chain triglycerides and fiber.",N/A,,0
"Coconut Milk",Liquids,1103923,230,2.3,5.5,23.8,0.03,16,0,3.3,37,2.2,3.3,16,263,15,0.7,2.8,0,0.2,0,0,1,0,,,,,0
"Coconut Milk (Full Fat)",Liquids,,197,2,2.8,21.3,0.03,14,0,3.3,46,0,2,16,220,13,0.7,1,0,0.1,0,0,1,0,,,,,0
"Coconut Oil",Fats,171412,862,0,0,100,0,0,0,0.1,0,0,0,0,0,0,0,0,0,0.1,0,0,1,0,,,,,0
"Coconut Water",Liquids,170172,19,0.7,3.7,0.2,0.03,3,0,0.3,25,1.1,2.6,24,250,105,0.1,2.4,0,0,0,0,1,0,,,,,0
"Coffee (Black)",Liquids,171890,1,0.1,0,0,0,2,0,0,3,0,0,2,49,2,0,0,0,0,0,0,1,0,,,,,0
"Cooked Black Beans (Base)","Base Ingredient",,50.77,3.42,9.12,0.19,0.0385,57.3077,0,0.8077,28.4654,3.3462,0.1154,15.0923,136.5462,150.9923,0.3462,0,0,0,0,0,1,1,"Black Beans (100g) | Sea Salt (1g) | Water (Filtered) (400g)","Tender soaked black beans simmered until creamy, seasoned lightly with sea salt to serve as a versatile meal base.","Step 1: Rinse dried black beans thoroughly under cold water, then soak overnight in plenty of cold filtered water. (Soak overnight for better nutrient absorption by deactivating phytic acid, to improve digestibility, and to reduce cooking time.)\nStep 2: Drain and rinse soaked beans.\nStep 3: Cover with fresh filtered water in a saucepan and bring to a boil.\nStep 4: Reduce heat and simmer 60–90 minutes until tender.\nStep 5: Drain, season lightly with sea salt, and serve or cool for meal prep.",260,1
"Cooked Brown Basmati Rice (Base)","Base Ingredient",,64.8,1.64,13.4,0.44,0.06,5.6,0,0.244,31.208,0.68,0.12,10.192,44.016,313.264,0.04,0,0,0.08,0,0,1,1,"Basmati Rice (Brown) (100g) | Sea Salt (2g) | Water (Filtered) (600g)","Tender soaked brown basmati rice boiled in salted water and drained for a light, fluffy texture to serve as a versatile meal base.","Step 1: Rinse brown basmati rice thoroughly under cold water, then soak it overnight in plenty of cold filtered water. (Soak overnight for better nutrient absorption by deactivating phytic acid, to improve digestibility, remove bitterness, and to reduce cooking time.)\nStep 2: Drain the soaked rice and rinse briefly.\nStep 3: Bring a large pot of filtered water to a rolling boil. Season the water generously with sea salt (like pasta water).\nStep 4: Add the drained rice and boil until tender but still slightly firm to the bite, 18–22 minutes.\nStep 5: Drain the rice thoroughly in a colander (like pasta), return to the warm pot off the heat, and let steam dry for 2 minutes. Fluff with a fork before serving.",250,0
"Cooked Cannellini Beans (Base)","Base Ingredient",,55.6,3.88,10.04,0.16,0.04,40.8,0,1.48,26.804,2.52,0.12,40.896,180.808,157.032,0.56,0,0,0,0,0,1,1,"Cannellini Beans (100g) | Sea Salt (1g) | Water (Filtered) (400g)","Tender soaked cannellini beans simmered until creamy, seasoned lightly with sea salt to serve as a versatile meal base.","Step 1: Rinse dried cannellini beans thoroughly under cold water, then soak overnight in plenty of cold filtered water. (Soak overnight for better nutrient absorption by deactivating phytic acid, to improve digestibility, and to reduce cooking time.)\nStep 2: Drain and rinse soaked beans.\nStep 3: Cover with fresh filtered water in a saucepan and bring to a boil.\nStep 4: Reduce heat and simmer 60–90 minutes until tender.\nStep 5: Drain, season lightly with sea salt, and serve or cool for meal prep.",250,1
"Cooked Chickpeas (Base)","Base Ingredient",,68.33,3.71,11.42,1.08,0.0417,71.6667,0,1.2083,21.6708,3.1667,2,25.5167,121.2583,166.075,0.625,0.5417,0.4167,0.125,0,0,1,1,"Chickpeas (100g) | Sea Salt (1g) | Water (Filtered) (400g)","Tender soaked chickpeas simmered until creamy, seasoned lightly with sea salt to serve as a versatile meal base.","Step 1: Rinse dried chickpeas thoroughly under cold water, then soak overnight in plenty of cold filtered water. (Soak overnight for better nutrient absorption by deactivating phytic acid, to improve digestibility, and to reduce cooking time.)\nStep 2: Drain and rinse soaked chickpeas.\nStep 3: Cover with fresh filtered water in a saucepan and bring to a boil.\nStep 4: Reduce heat and simmer 60–90 minutes until tender.\nStep 5: Drain, season lightly with sea salt, and fluff before serving.",240,1
"Cooked Couscous (Base)","Base Ingredient",,44.8,1.52,9.28,0.08,0.02,6,0,0.16,3.8,0.56,0.04,2.684,23.208,157.628,0.12,0,0,0.04,0,0,1,1,"Couscous (100g) | Sea Salt (1g) | Water (Filtered) (149g)","Fluffy steamed couscous seasoned lightly with sea salt to serve as a versatile meal base.","Step 1: Bring filtered water and sea salt to a boil in a saucepan.\nStep 2: Remove from heat, stir in couscous, cover tightly, and let steam for 5 minutes.\nStep 3: Fluff with a fork before serving.",250,0
"Cooked Quinoa (Base)","Base Ingredient",,42.86,1.57,7.61,0.68,0.0429,15,0,0.5357,23.575,1,0.3214,8.3,61.4357,141.6357,0.3929,0,0,0.2143,0,0.3929,1,1,"Quinoa (White) (100g) | Sea Salt (1g) | Water (Filtered) (200g)","Perfectly cooked, fluffy white quinoa seasoned lightly with clean sea salt to serve as a versatile meal base.","Step 1: Rinse quinoa thoroughly under cold water, then soak it overnight in plenty of cold filtered water. (Soak overnight for better nutrient absorption by deactivating phytic acid, to improve digestibility, remove bitterness, and to make it faster and fluffier when cooking.)\nStep 2: Drain the soaked quinoa and rinse briefly.\nStep 3: Bring filtered water and sea salt to a boil in a saucepan.\nStep 4: Add drained quinoa, reduce heat to low, cover, and simmer for 15 minutes.\nStep 5: Remove from heat and let sit covered for 5 minutes, then fluff with a fork.",280,0
"Cooked Quinoa (Base)",Grains,,120,4,21,2,8.88,215.75,8.76,6.26,106.57,0,0,0,0,0,0,0,0,0,0,0,0.69,0,,,,,0
"Cooked Quinoa (Base)",Grains,,120,4,21,2,3.47,490.95,14.55,6.09,218.86,0,0,0,0,0,0,0,0,0,0,0,0.15,0,,,,,0
"Cooked Quinoa (Base)",Grains,5373,120,4,21,2,0.96,251.39,3.16,19.05,65.89,0,0,0,0,0,0,0,0,0,0,0,2.25,0,,,,,0
"Cooked Quinoa (Base)",Grains,,120,4,21,2,9.28,288.25,2.87,16.32,184.83,0,0,0,0,0,0,0,0,0,0,0,1.38,0,,,,,0
"Cooked Quinoa (Base)",Grains,,120,4,21,2,1.99,196.98,19.6,4.75,75.17,0,0,0,0,0,0,0,0,0,0,0,0.34,0,,,,,0
"Cooked Quinoa (Base)",Grains,,120,4,21,2,9.03,23.15,14.23,10.3,0.32,0,0,0,0,0,0,0,0,0,0,0,0.63,0,,,,,0
"Cooked Quinoa (Base)",Grains,1745,120,4,21,2,0.19,101.72,9.81,8.38,36.66,0,0,0,0,0,0,0,0,0,0,0,0.4,0,,,,,0
"Cooked Quinoa (Base)",Grains,9000,120,4,21,2,0.43,426.62,6.57,9.11,100.13,0,0,0,0,0,0,0,0,0,0,0,0.95,0,,,,,0
"Cooked Quinoa (Base)",Grains,,120,4,21,2,7.12,125.33,11.73,3.49,294.8,0,0,0,0,0,0,0,0,0,0,0,1.58,0,,,,,0
"Cooked Quinoa (Base)",Grains,,120,4,21,2,6.85,31.6,15.42,6.05,188.64,0,0,0,0,0,0,0,0,0,0,0,0.44,0,,,,,0
"Cooked Quinoa (Base)",Grains,5720,120,4,21,2,5.95,46.8,5.07,6.63,80.1,0,0,0,0,0,0,0,0,0,0,0,2.09,0,,,,,0
"Cooked Quinoa (Base)",Grains,6714,120,4,21,2,4.74,336.09,18.66,7.75,160.28,0,0,0,0,0,0,0,0,0,0,0,0.23,0,,,,,0
"Cooked Quinoa (Base)",Grains,6053,120,4,21,2,4.39,171.13,13.5,12.05,54.17,0,0,0,0,0,0,0,0,0,0,0,0.29,0,,,,,0
"Cooked Quinoa (Base)",Grains,,120,4,21,2,2.78,104.7,19.94,1.54,79.98,0,0,0,0,0,0,0,0,0,0,0,2.12,0,,,,,0
"Cooked Quinoa (Base)",Grains,8140,120,4,21,2,1.7,1.73,1.29,3.13,104.13,0,0,0,0,0,0,0,0,0,0,0,2.21,0,,,,,0
"Cooked Quinoa (Base)",Grains,,120,4,21,2,0.81,404.37,6.45,0.03,17.87,0,0,0,0,0,0,0,0,0,0,0,2.28,0,,,,,0
"Cooked Quinoa (Base)",Grains,5915,120,4,21,2,3.64,63.86,3.73,13.82,284.26,0,0,0,0,0,0,0,0,0,0,0,0.14,0,,,,,0
"Cooked Quinoa (Base)",Grains,,120,4,21,2,7.06,289.45,6.01,5.95,290.95,0,0,0,0,0,0,0,0,0,0,0,2.51,0,,,,,0
"Cooked Quinoa (Base)",Grains,,120,4,21,2,9.79,394.14,14.34,13.77,38.77,0,0,0,0,0,0,0,0,0,0,0,2.47,0,,,,,0
"Cooked Quinoa (Base)",Grains,5463,120,4,21,2,2.74,158.57,7.89,10.8,231.07,0,0,0,0,0,0,0,0,0,0,0,0.92,0,,,,,0
"Cooked Quinoa (Base)",Grains,4560,120,4,21,2,0.53,120.74,7.68,4.3,180.42,0,0,0,0,0,0,0,0,0,0,0,1.49,0,,,,,0
"Cooked Quinoa (Base)",Grains,7806,120,4,21,2,8.71,468.14,15.21,16.01,146.92,0,0,0,0,0,0,0,0,0,0,0,2.82,0,,,,,0
"Cooked Quinoa (Base)",Grains,,120,4,21,2,3.53,46.11,12.47,15.08,86.22,0,0,0,0,0,0,0,0,0,0,0,0.26,0,,,,,0
"Cooked Quinoa (Base)",Grains,3993,120,4,21,2,5.61,202.56,14.95,8.33,117.97,0,0,0,0,0,0,0,0,0,0,0,2.03,0,,,,,0
"Cooked Quinoa (Base)",Grains,3635,120,4,21,2,7.02,226.29,18.36,18.17,151.29,0,0,0,0,0,0,0,0,0,0,0,1.41,0,,,,,0
"Cooked Quinoa (Base)",Grains,,120,4,21,2,1.74,337.17,3.97,7.25,68.58,0,0,0,0,0,0,0,0,0,0,0,0.74,0,,,,,0
"Cooked Quinoa (Base)",Grains,,120,4,21,2,6.19,186.68,10.06,14.9,18.77,0,0,0,0,0,0,0,0,0,0,0,2,0,,,,,0
"Cooked Quinoa (Base)",Grains,,120,4,21,2,6.65,465.25,4.74,17.75,111.24,0,0,0,0,0,0,0,0,0,0,0,2.27,0,,,,,0
"Cooked Quinoa (Base)",Grains,6886,120,4,21,2,6.75,446.15,14.9,17.09,279.95,0,0,0,0,0,0,0,0,0,0,0,1.97,0,,,,,0
"Cooked Quinoa (Base)",Grains,2522,120,4,21,2,1.07,301.86,9.18,2.74,188.55,0,0,0,0,0,0,0,0,0,0,0,2.62,0,,,,,0
"Cooked White Basmati Rice (Base)","Base Ingredient",,48.4,1.24,13.88,0.08,0.02,2,0,0.044,4.008,0.32,0.04,8.192,10.016,312.464,0.24,0,0,0,0,0,1,1,"Basmati Rice (White) (100g) | Sea Salt (2g) | Water (Filtered) (600g)","Tender soaked white basmati rice boiled in salted water and drained for a light, fluffy texture to serve as a versatile meal base.","Step 1: Rinse white basmati rice thoroughly under cold water, then soak it overnight in plenty of cold filtered water. (Soak overnight for better nutrient absorption by deactivating phytic acid, to improve digestibility, remove bitterness, and to reduce cooking time.)\nStep 2: Drain the soaked rice and rinse briefly.\nStep 3: Bring a large pot of filtered water to a rolling boil. Season the water generously with sea salt (like pasta water).\nStep 4: Add the drained rice and boil until tender but still slightly firm to the bite, 10–12 minutes.\nStep 5: Drain the rice thoroughly in a colander (like pasta), return to the warm pot off the heat, and let steam dry for 2 minutes. Fluff with a fork before serving.",250,0
"Coriander Seeds",Spices,171323,298,12.4,55,17.8,0.61,0,0,16.3,330,41.9,0,709,1267,35,4.7,21,0,0,0,0,1,0,,,,,0
"Corn (Kernels)",Vegetables,169293,86,3.3,18.7,1.4,0.06,42,0,0.5,37,2,6.3,2,270,15,0.5,6.8,9,0.1,0,0,1,0,,,,,0
Cornmeal,Grains,169695,362,8.1,76.9,3.6,0.37,30,0,3.5,127,7.3,1.6,6,315,35,2.2,0,11,0.4,0,0,1,0,,,,,0
"Cottage Cheese Protein",Proteins,,98,11,3.4,4.3,1.14,33.88,14.72,6.6,285.17,0,0,0,0,0,0,0,0,0,0,0,2.41,0,,,,,0
"Cottage Cheese Protein",Proteins,,98,11,3.4,4.3,8.22,276.93,12.7,15.93,201.47,0,0,0,0,0,0,0,0,0,0,0,1.58,0,,,,,0
"Cottage Cheese Protein",Proteins,3002,98,11,3.4,4.3,2.88,44.07,1.71,0.62,136.42,0,0,0,0,0,0,0,0,0,0,0,0.84,0,,,,,0
Couscous,Grains,169733,112,3.8,23.2,0.2,0.05,15,0,0.4,8,1.4,0.1,2,58,5,0.3,0,0,0.1,0,0,1,0,,,,,0
"Cranberries (D)",Fruits,171722,308,0.1,82.5,1.4,0.04,0,0,0.4,5,5.3,72.6,10,40,5,0.1,0.2,2,1.1,0,0,1,0,,,,,0
"Creamy Cajun Sauce (Base)","Base Ingredient",,87.48,1.39,6.56,6.87,0.1371,14.7992,0,1.1583,22.3012,1.612,2.2336,23.1158,211.6583,199.7722,0.3166,24.3726,59.8166,0.9498,0,0,1,1,"Bell Pepper (Red) (80g) | Blackened Seasoning (Base) (8g) | Coconut Cream (70g) | Fire Roasted Tomatoes (Base) (80g) | Garlic (Raw) (12g) | Lime Juice (10g) | Olive Oil (Extra Virgin) (10g) | Red Onion (40g) | Smoked Paprika (3g) | Tapioca Starch (5g) | Vegetable Stock (200g)","Rich creamy Cajun sauce with coconut cream, fire-roasted tomatoes, peppers, and reserved blackened spice rub.","Step 1: Sauté chopped red onion in olive oil for 3 minutes until softened.\nStep 2: Add diced red peppers, minced garlic, and reserved Blackened Seasoning (Base); cook 2 minutes until fragrant.\nStep 3: Add half the chicken broth. Whisk remaining broth with tapioca starch until smooth and add to the pan with drained Fire Roasted Tomatoes (Base), coconut cream, smoked paprika, and lime juice.\nStep 4: Simmer, stirring occasionally, until thickened. Taste and adjust salt, pepper, or cayenne.\nStep 5: Home batch reference: 4 garlic cloves, 2 red peppers, ½ medium red onion, ½ cup coconut cream, ½ cup well-drained fire-roasted tomatoes, 1 tbsp smoked paprika, 1 tbsp lime juice, and chicken broth slurry.",518,1
"Creamy Cumin Hummus (Base)","Base Ingredient",,128.52,4.9,11.71,7.81,0.0855,59.3718,0,2.547,30.4872,3.3846,1.5513,84.4444,162.9829,288.8974,1.0684,3.6923,1.265,0.1538,0,0,1,1,"Cooked Chickpeas (Base) (150g) | cumin powder (2g) | Garlic (Raw) (6g) | Lemon Juice (15g) | Sea Salt (1g) | Tahini (30g) | Water (Filtered) (30g)","Silky smooth blended chickpeas with rich tahini, garlic, and fresh cumin","Step 1: Prepare Cooked Chickpeas (Base) per base recipe instructions.\nStep 2: Place cooked chickpeas, minced garlic, sea salt, ground cumin, lemon juice, and tahini into a high-speed food processor.\nStep 3: Purée on high for 3 minutes until a thick paste forms.\nStep 4: Drop in ice cubes and slowly stream in cold filtered water while running the motor constantly to emulsify.\nStep 5: Process for another 2 to 3 minutes until the matrix turns ultra-creamy, pale, and light; chill before serving.",234,0
Cucumber,Vegetable,,15,0.7,3.6,0.1,0.04,7,0,0.3,13,0.5,1.7,16,147,2,0.2,2.8,5,0.1,0,0,1,0,,,,,0
"Cucumber Pickle (Base)","Base Ingredient",,12.82,0.6,3.08,0.09,0.0342,5.9829,0,0.265,11.1282,0.4274,1.453,14.0855,125.9316,664.3675,0.1709,2.3932,4.2735,0.0855,0,0,1,1,"Cucumber (100g) | Rice Vinegar (15g) | Sea Salt (2g)","Tangy, quick-pickled cucumber slices.","Step 1: Slice cucumbers thinly.\nStep 2: Toss with rice vinegar and sea salt.\nStep 3: Let sit for 10 minutes.",117,0
"Cumin Ground","Spices and Herbs",,375,18,44,22,2.38,133.2,17.31,18.56,241.15,0,0,0,0,0,0,0,0,0,0,0,0.5,0,,,,,0
"Cumin Ground","Spices and Herbs",2795,375,18,44,22,9.22,114.83,19.37,2.68,82.17,0,0,0,0,0,0,0,0,0,0,0,1.16,0,,,,,0
"Cumin Ground","Spices and Herbs",,375,18,44,22,6.47,346.89,9.05,8.06,21.88,0,0,0,0,0,0,0,0,0,0,0,1.9,0,,,,,0
"Cumin Ground","Spices and Herbs",1604,375,18,44,22,6.74,170.94,19.95,0.36,122.71,0,0,0,0,0,0,0,0,0,0,0,2.32,0,,,,,0
"Cumin Ground","Spices and Herbs",3158,375,18,44,22,1.77,449.01,3.9,16.88,73.79,0,0,0,0,0,0,0,0,0,0,0,2.18,0,,,,,0
"Cumin Ground","Spices and Herbs",8244,375,18,44,22,1.3,368.98,16.78,16.99,278.16,0,0,0,0,0,0,0,0,0,0,0,1.42,0,,,,,0
"Cumin Ground","Spices and Herbs",1131,375,18,44,22,2.31,151.88,12.32,5.12,135,0,0,0,0,0,0,0,0,0,0,0,1.34,0,,,,,0
"Cumin Ground","Spices and Herbs",6794,375,18,44,22,0.5,278.67,18.6,13.47,192.16,0,0,0,0,0,0,0,0,0,0,0,1.74,0,,,,,0
"Cumin Ground","Spices and Herbs",,375,18,44,22,1.77,172.96,16.55,18.23,40.13,0,0,0,0,0,0,0,0,0,0,0,0.41,0,,,,,0
"Cumin Ground","Spices and Herbs",5069,375,18,44,22,1.95,272.76,10.19,10.59,271.83,0,0,0,0,0,0,0,0,0,0,0,1.93,0,,,,,0
"Cumin Ground","Spices and Herbs",5479,375,18,44,22,6.64,348.27,0.2,14.5,222.29,0,0,0,0,0,0,0,0,0,0,0,2.87,0,,,,,0
"Cumin Ground","Spices and Herbs",8885,375,18,44,22,0.89,185.6,12.72,19.49,58.5,0,0,0,0,0,0,0,0,0,0,0,0.86,0,,,,,0
"Cumin Ground","Spices and Herbs",7530,375,18,44,22,9.81,471.54,17.92,5.12,11.68,0,0,0,0,0,0,0,0,0,0,0,2.95,0,,,,,0
"Cumin Ground","Spices and Herbs",,375,18,44,22,9.59,111.56,5.73,2.48,250.54,0,0,0,0,0,0,0,0,0,0,0,0.81,0,,,,,0
"Cumin Ground","Spices and Herbs",,375,18,44,22,9.53,99.78,1.67,11.15,53.78,0,0,0,0,0,0,0,0,0,0,0,1.63,0,,,,,0
"Cumin Ground","Spices and Herbs",,375,18,44,22,2.61,158.79,8.12,10.18,185.93,0,0,0,0,0,0,0,0,0,0,0,2.06,0,,,,,0
"Cumin Ground","Spices and Herbs",3428,375,18,44,22,0.44,75.7,15.62,6.42,189.33,0,0,0,0,0,0,0,0,0,0,0,0.15,0,,,,,0
"Cumin Ground","Spices and Herbs",9508,375,18,44,22,2.56,497.21,1.89,14.02,108.44,0,0,0,0,0,0,0,0,0,0,0,2.2,0,,,,,0
"Cumin Ground","Spices and Herbs",1357,375,18,44,22,2.83,244.76,10.85,18.5,22.67,0,0,0,0,0,0,0,0,0,0,0,1.96,0,,,,,0
"Cumin Ground","Spices and Herbs",1932,375,18,44,22,1.11,223,3.43,11.26,274.29,0,0,0,0,0,0,0,0,0,0,0,0.78,0,,,,,0
"Cumin Ground","Spices and Herbs",,375,18,44,22,5.02,329.91,14.04,10.22,249.08,0,0,0,0,0,0,0,0,0,0,0,1.54,0,,,,,0
"Cumin Ground","Spices and Herbs",9707,375,18,44,22,5.53,197.34,13.82,8.3,198.59,0,0,0,0,0,0,0,0,0,0,0,1.98,0,,,,,0
"Cumin Ground","Spices and Herbs",,375,18,44,22,2.38,218.68,12.97,7.1,218.76,0,0,0,0,0,0,0,0,0,0,0,0.31,0,,,,,0
"Cumin Ground","Spices and Herbs",4135,375,18,44,22,9.49,409.48,9.85,17.27,273.59,0,0,0,0,0,0,0,0,0,0,0,1.95,0,,,,,0
"Cumin Ground","Spices and Herbs",8612,375,18,44,22,8.26,269.17,8.54,16.78,26.57,0,0,0,0,0,0,0,0,0,0,0,1.7,0,,,,,0
"Cumin Ground","Spices and Herbs",,375,18,44,22,3.44,456.12,11.09,8.52,211.41,0,0,0,0,0,0,0,0,0,0,0,0.84,0,,,,,0
"Cumin Seeds",Spices,171324,375,17.8,44.2,22.3,0.44,10,0,66.4,366,10.5,2.3,931,1788,168,4.8,7.7,64,3.3,0,0,1,0,,,,,0
"Curry Leaves",Herbs,2345214,108,6.1,18.7,1,0.2,0,0,0.9,42,6.4,0,830,0,0,0,4,0,0,0,0,0.3,0,,,,,0
"Curry Powder",Spices,,325,12.7,58.2,13.8,0.45,56,0,29.6,254,33.2,0,478,1543,52,4,11.4,0,21.8,0,0,0.45,0,,"Aromatic ground yellow curry powder mix","Warm complex earthy spice profile.",,0
"Curry Spice Mix",Spices,,325,12,55,13,0.4,20,0,16,175,32,2,800,1200,50,4,20,100,3,0,0,0.52,0,,"Aromatic warming curry powder spice mix","Clean whole spice curry seasoning.",,0
"Curry Vinaigrette (Base)","Base Ingredient",,479.04,0.74,5.62,52.16,0.0441,7.3235,0,1.6618,14.7353,1.6029,1.1029,24.25,114.0294,3.7647,0.2206,17.5735,0.4412,8.4118,0,0,1,1,"Curry Powder (3g) | Lemon Juice (30g) | Olive Oil (Extra Virgin) (35g)","Warm curry-spiced vinaigrette for lentil and grain salads.","Step 1: Whisk olive oil, lemon juice, and curry powder.\nStep 2: Toss with salad ingredients.",68,0
"Dark Choc Chips",Pantry,170271,546,4.9,61.1,31.3,0.04,2,0,8,176,7,47.9,56,559,24,2.3,0,2,0.6,0,0.1,1,0,,,,,0
"Dark Chocolate Chips",Pantry,,546,4.9,61.1,31.3,0.04,2,0,8,176,7,47.9,56,559,24,2.3,0,2,0.6,0,0,1,0,,,,,0
"Date Sugar",Pantry,1104381,352,2.1,82,0.5,0.15,19,0,1.2,43,8,80,40,650,5,0.3,0,0,0,0,0,1,0,,,,,0
"Date Syrup",Sweeteners,,300,1,75,0.1,0.15,0,0,1.2,45,3,68,40,650,10,0.3,0,0,0,0,0,1.3,0,,"Pure, raw date syrup concentrated from whole dates with no added sugars or preservatives.",,,0
"Dates (Deglet)",Fruits,171726,282,2.5,75,0.4,0.17,19,0,1,43,8,63.4,39,656,2,0.3,0,10,0,0,0,1,0,,,,,0
"Dates (Khelas)",Fruits,,282,2.2,75,0.3,0.2,15,0,0.8,50,6.5,65,50,680,2,0.3,0,8,0.1,0,0,1,0,,"Soft Gulf khelas dates — natural sweetness for no-bake balls and bars.",,,0
"Dijon Mustard",Pantry,171325,66,4.4,6.4,3.9,0.1,7,0,1.6,48,4.3,2.8,58,152,1130,0.6,1.5,0,0.4,0,0,1,0,,"Prepared Dijon mustard with wine vinegar and mustard seed — for marinades and dressings.",,,0
"Dill (Fresh)",Spices,172234,43,3.5,7,1.1,0.19,150,0,6.6,55,2.1,0,208,738,61,0.9,85,386,0,0,0,1,0,,,,,0
Edamame,Legumes,168411,121,11.9,8.9,5.2,0.1,311,0,2.3,64,5.2,2.2,63,436,6,1.4,6.1,15,0.7,0,0,0.7,0,,,,,1
Egg,Protein,,155,12.6,1.1,10.6,0.12,44,0.9,1.2,10,0,1.1,50,126,124,1.1,0,140,1,2.5,18,1,0,,,,,0
"Egg White",Protein,172183,52,10.9,0.7,0.2,0.01,1,0.1,0.1,11,0,0.7,7,163,166,0.1,0,0,0,0,0,1,0,,,,,0
"Egg Whites",Proteins,,52,11,0.7,0.2,0,4,0.1,0.1,11,0,0.7,7,163,166,0,0,0,0,0,0,1.02,0,,"Pure liquid egg whites with zero yolks","Lean protein binding agent.",,0
Eggplant,Vegetables,169228,25,1,5.9,0.2,0.08,22,0,0.2,14,3,3.5,9,229,2,0.2,2.2,1,0.3,0,0,1,0,,,,,0
"Eggplant Dip (Mutabal) (Base)","Base Ingredient",,101.59,2.01,7.4,7.94,0.1178,24.1673,0,0.7633,18.0259,3.0789,3.0365,37.8186,229.1355,145.7951,0.4688,4.2097,1.0294,0.9494,0,0,1,1,"Eggplant (350g) | Garlic (Raw) (14g) | Lemon Juice (15g) | Olive Oil (Extra Virgin) (20g) | Sea Salt (1.5g) | Tahini (24g)","A traditional smoky, creamy roasted eggplant dip emulsified with rich sesame tahini, fresh lemon juice, garlic, and extra virgin olive oil.","Step 1: Roast the whole eggplant over an open flame or in a 425°F oven until the skin is charred and blackened and the flesh inside is completely soft.\nStep 2: Let cool slightly, then peel off the charred skin and drain any bitter juices from the flesh.\nStep 3: Place the eggplant flesh, minced raw garlic, lemon juice, tahini, sea salt, and extra virgin olive oil into a bowl and mash deeply with a fork or blend until smooth but slightly rustic.",424.5,0
"Eggs (Large)",Proteins,171287,143,12.6,0.7,9.5,0.17,47,0.9,1.8,12,0,0.4,56,138,142,1.3,0,160,1.1,2.5,18,1,0,,,,,0
"Fennel Bulb",Vegetables,169234,31,1.2,7.3,0.2,0.05,27,0,0.7,17,3.1,3.9,49,414,52,0.2,12,24,0.6,0,0,1,0,,,,,0
"Fennel Seeds",Spices,170918,345,15.8,52.3,14.9,0.47,10,0,18.5,385,39.8,0,1196,1694,88,3.7,21,7,0,0,0,1,0,,,,,0
"Fermented Beetroot (Base)","Base Ingredient",,41.24,1.4,9.34,0.19,0.1192,68.8008,0.0075,0.645,17.7467,2.4667,5.1767,25.7242,286.3558,1678.2833,0.33,5.3733,209.9842,0.1808,0,0,1,1,"Beetroot (700g) | Black Pepper (3g) | Carrots (300g) | Garlic (Raw) (40g) | Psyllium Husks (1g) | Sea Salt (50g)","Homemade lacto-fermented beetroot and turnip with garlic, black peppercorns, and bay — tart, probiotic, and packed in brine.","Step 1: Peel and cut 1 kg beetroot and turnip into batons or wedges (mixed together).\nStep 2: Pack into a sterile glass jar with 10 garlic cloves, 3 bay leaves, and black peppercorns.\nStep 3: Dissolve 50 g sea salt in enough filtered water to cover the vegetables.\nStep 4: Pour brine over the vegetables until fully submerged. Seal with an airtight fermentation lid.\nStep 5: Ferment in a cool, dark place for 2 weeks, burping the jar daily if needed.\nStep 6: Store refrigerated once fermented. Serve chilled as a probiotic side.",1200,0
"Fermented Chimichurri (Base)","Base Ingredient",,213.81,2.17,8.02,19.88,0.2342,50.1266,0,3.038,30.6392,2.6772,0.7911,90.9747,346.943,24.0823,0.5696,47.9051,178.6772,3.7089,0,0,1,1,"Apple Cider Vinegar (40g) | Chili Flakes (3g) | Dill (Fresh) (10g) | Fresh Coriander (15g) | Fresh Parsley (30g) | Garlic (Raw) (15g) | Olive Oil (Extra Virgin) (30g) | Red Chili (5g) | Rosemary (Fresh) (5g) | Thyme (Fresh) (5g)","A deeply complex, robust herb condiment built on an intensive fresh herb blend and developed over a long fermentation cycle.","Step 1: Finely mince the fresh dill, parsley, fresh coriander, rosemary, thyme, garlic, and fresh red chili.\nStep 2: In a sterile glass fermentation jar, layer the minced herbs, garlic, fresh chilis, and dried chili flakes.\nStep 3: Pour in the apple cider vinegar and extra virgin olive oil, making sure all ingredients are completely submerged.\nStep 4: Seal with an airtight fermentation lid and let it mature in a cool, dark cupboard for 2-4 weeks to build its characteristic live-culture tang and depth.",158,0
Feta,Dairy,173420,264,14.2,4.1,21.3,0.42,32,1.1,0.9,0,0,4.1,493,62,917,2.9,0,125,0.2,0.2,1.8,1,0,,,,,0
"Fire Roasted Tomatoes (Base)","Base Ingredient",,18.05,0.89,3.94,0.2,0.079,14.9506,0,0.2963,10.963,1.1877,2.6,9.9506,235.3457,4.9506,0.2,14.0099,41.4938,0.4963,0,0,1,1,"Lemon Juice (5g) | Tomato (Raw) (400g)","Fire-roasted tomatoes with charred skin peeled off and flesh well drained.","Step 1: Char whole tomatoes over an open flame or under a hot broiler until the skin is blackened all over.\nStep 2: Transfer to a bowl, cover, and steam 5 minutes; peel away blackened skin.\nStep 3: Core, chop the flesh, and drain well on paper towels before using.",405,0
"Fish Sauce",Pantry,174531,35,5.1,3.7,0,0.48,0,0.1,0.8,170,0,3.7,43,288,7851,0.5,0,0,0,0,0,1,0,,,,,0
Flaxseeds,Fats/Nuts,169414,534,18.3,28.9,42.2,0.47,87,0,5.7,392,27.3,1.6,255,813,30,4.3,0.6,0,0.3,0,0,1,0,,,,,0
"French Lentils",Legumes,,116,9,20.1,0.4,0.18,181,0,3.3,36,7.9,1.8,19,369,2,1.3,1.5,1,0.1,0,0,1,0,,,,,0
"Fresh Basil",Herbs,,23,3.2,2.7,0.6,0.15,68,0,3.2,64,1.6,0.3,177,295,4,0.8,18,264,0.8,0,0,1,0,,"Fresh whole sweet basil leaves","Fragrant dynamic green herbal component.",,0
"Fresh Coriander",Herbs,169997,23,2.1,3.7,0.5,0.1,62,0,1.8,26,2.8,0.9,67,521,46,0.5,27,337,2.5,0,0,1,0,,,,,0
"Fresh Mint",Herbs,,70,3.75,14.89,0.94,0.13,114,0,5.08,80,8,0,243,569,31,1.11,31.8,212,0,0,0,1,0,,,,,0
"Fresh Oregano",Herbs,,265,9,68.9,4.3,1,274,0,36.8,270,42.5,4.1,1597,1260,25,2.7,2.3,85,18.3,0,0,1,0,,"Fresh green oregano leaves","Aromatic local whole herb element.",,0
"Fresh Parsley",Herbs,,36,3,6.3,0.8,0.09,152,0,6.2,50,3.3,0.8,138,554,56,1.1,133,421,0.8,0,0,1,0,,"Fresh flat-leaf parsley leaves","Crisp fresh green herb garnish.",,0
"GF Breadcrumbs",Pantry,,255,3.4,52,4.3,0.05,30,0,2.1,18,3.5,4.8,70,105,540,0.6,0,0,0.4,0,0,1,0,,,,,0
Galangal,Spices,,71,1.2,15,1,0.04,11,0,0.6,27,2,1.7,33,415,13,0.3,3.8,0,0.3,0,0,1,0,,,,,0
"Garam Masala",Spices,,321,11.2,53.4,12.1,0.3,0,0,17.5,180,33,0,630,1120,20,3.2,0,0,0,0,0,1,0,,"Aromatic blend of ground spices used in Indian cuisine.",,,0
"Garden Lemon Herb Dressing (Base)","Base Ingredient",,376.85,1.22,4.9,40.54,0.0575,28.1839,0,1.5172,24.5057,1.5747,0.7816,65.9425,161.5632,451.069,0.3103,17.8851,70.4828,5.977,0,0,1,1,"Black Pepper (1g) | Fresh Basil (15g) | Fresh Mint (10g) | Lemon Juice (25g) | Olive Oil (Extra Virgin) (35g) | Sea Salt (1g)","Bright lemon and fresh herb vinaigrette for garden salads.","Step 1: Whisk olive oil and lemon juice in a small bowl.\nStep 2: Stir in chopped basil and mint.\nStep 3: Use immediately or refrigerate up to 2 days.",87,0
Garlic,Vegetable,,149,6.4,33.1,0.5,1.2,3,0,1.7,25,2.1,1,181,401,17,1.2,31.2,0,0.1,0,0,1,0,,,,,0
"Garlic & Herb Marinade (Base)","Base Ingredient",,236.69,3.19,15.95,19.69,0.3125,21.5469,0,2.7656,39.125,2.9844,1.1563,104.8437,394.3125,618.375,0.5781,26.7969,195.75,3.4063,0,0,1,1,"Black Pepper (1g) | Chili Flakes (1g) | Chives (Dried) (2g) | Fresh Coriander (3g) | Garlic (Raw) (8g) | Ground Ginger (2g) | Lime Juice (30g) | Olive Oil (Extra Virgin) (12g) | Parsley (2g) | Sea Salt (1g) | Tarragon (2g)","Bright garlic-herb lime marinade with dried parsley, chive, tarragon, cilantro, ginger, and chili flakes.","Step 1: Whisk olive oil, lime juice, crushed garlic, dried parsley, chives, tarragon, cilantro, chili flakes, ground ginger, sea salt, and black pepper until combined.\nStep 2: Coat fish or chicken evenly and rest at least 15 minutes before cooking.\nStep 3: Home batch reference (1 serving): 0.04 cup olive oil, 2 cloves garlic, 1 tsp each dried parsley, chive, tarragon, and cilantro, ½ tsp chili flakes, salt and pepper, ½ tsp ground ginger, juice of 1 lime.",64,0
"Garlic (Raw)",Vegetables,169230,149,6.4,33.1,0.5,1.24,3,0,1.7,25,2.1,1,181,401,17,1.2,31.2,0,0.1,0,0,1,0,,,,,0
"Garlic Powder",Spices,,331,16.6,72.7,0.7,1.65,0,0,5.7,77,9,2.4,401,1193,27,2.8,31.2,0,0.1,0,0,1,0,,,,,0
"Garlicky Green Beans (Base)","Base Ingredient",,35.75,1.93,8.14,0.21,0.1469,30.4633,0,0.9831,24.1017,2.5537,3.1412,42.0339,213.5254,225.209,0.2373,14.1921,31.6836,0.3729,0,0,1,1,"Garlic (Raw) (4g) | Green Beans (80g) | Lemon Juice (4g) | Sea Salt (0.5g)","Quick-sautéed green beans with garlic and olive oil — side for mains and bowls.","Step 1: Trim green beans.\nStep 2: Stir-fry in olive oil with minced garlic until tender-crisp, 3–4 minutes.\nStep 3: Season with salt and pepper. Serve warm.",88.5,1
Ghee,Fats,1104847,876,0.3,0,99.5,0,0,0,0,0,0,0,4,5,2,0,0,840,2.8,1.4,8,1,0,,,,,0
"Ghee (Clarified)",Fats,171414,876,0.3,0,99.5,0,0,0,0,0,0,0,4,5,2,0,0,840,2.8,1.6,8,1,0,,,,,0
Ginger,Vegetable,,80,1.8,17.8,0.8,0.2,11,0,0.6,43,2,1.7,16,415,13,0.3,5,0,0.3,0,0,1,0,,,,,0
"Ginger (Raw)",Spices,169231,80,1.8,17.8,0.8,0.16,11,0,0.6,43,2,1.7,16,415,13,0.3,5,0,0.3,0,0,1,0,,,,,0
Gochugaru,Spices,170932,282,14,50,13,2.1,100,0,15,150,25,10,150,1800,30,2.5,70,1500,10,0,0,1,0,,,,,0
"Gochugaru (Chili)",Spices,,282,14,50,13,2.1,100,0,15,150,25,10,150,1800,30,2.5,70,1500,10,0,0,1,0,,,,,0
Gochujang,Spices,1104884,214,3.6,46.4,1.8,0.1,10,0,2.5,35,3.6,25,40,280,2500,0.6,5,120,0.5,0,0,1,0,,,,,0
Gouda,Dairy,,356,24.9,2.2,27.4,0.08,21,1.5,0.2,29,0,2.2,700,121,819,3.9,0,165,0.2,0.5,0,1,0,,,,,0
"Grape Leaves",Vegetables,170415,93,5.6,17.3,2.1,0.4,83,0,2.6,95,11,6.3,363,252,9,0.7,11.1,1376,2,0,0,1,0,,,,,0
"Grapefruit Lime Dressing (Base)","Base Ingredient",,130.34,0.39,5.42,12.58,0.0313,6.3438,0,0.1667,5.9063,0.6771,3.2708,9.5625,84.5729,404.5,0.0521,19.25,19.5208,1.8854,0,0,1,1,"Black Pepper (0.5g) | Grapefruit Sections (40g) | Lime Juice (20g) | Olive Oil (Extra Virgin) (12g) | Sea Salt (1g)","Citrus dressing with fresh grapefruit and lime for tropical salads.","Step 1: Juice any drippings from the grapefruit segments.\nStep 2: Whisk with lime juice, olive oil, salt, and pepper.\nStep 3: Drizzle over salad and serve.",96,0
"Grapefruit Sections",Fruits,,32,0.6,8.1,0.1,0.04,10,0,0.1,9,1.1,7,12,135,0,0.1,31.2,46,0.1,0,0,0.85,0,,"Fresh pink grapefruit segments, peeled with no pith","Tart juicy citrus segments.",,0
"Grass Fed Butter",Fats,,717,0.9,0.1,81.1,0,3,0.2,0,2,0,0.1,24,24,11,0.1,0,684,2.3,1.5,15,1,0,,"Pasture-raised grass-fed butter — higher menaquinone (MK-4) than conventional butter.",,,0
"Greek Yogurt",Dairy,171304,59,10.2,3.6,0.4,0.04,5,0.8,0.1,11,0,3.2,110,141,36,0.5,0,2,0,0,2,1,0,,,,,0
"Greek Yogurt Chia Pudding (Base)","Base Ingredient",,89.25,10.28,7.89,2.06,0.0367,7.3394,0.7339,0.5266,28.589,1.8936,5.1945,135.8606,153.1963,105.1339,0.7174,0.1009,2,0.0275,0,1.8349,1,1,"Chia Seeds (30g) | Greek Yogurt (500g) | Honey (Raw) (15g) | Sea Salt (1g)","High-protein creamy chia pudding base with Greek yogurt instead of coconut milk.","Step 1: In a glass jar, whisk the chia seeds, honey, and salt into the Greek yogurt.\nStep 2: Cover and refrigerate for at least 4 hours or overnight.\nStep 3: Stir once before serving.",545,0
"Green Beans",Vegetables,169961,31,1.8,7,0.2,0.1,33,0,1,25,2.7,3.3,37,211,6,0.2,12.2,35,0.4,0,0,1,0,,"Fresh green snap beans.",,,1
"Green Cardamom",Spices,,311,10.8,68.5,6.7,0.2,0,0,13.9,229,28,0,383,1119,18,7.5,21,0,0,0,0,1,0,,"Aromatic green cardamom pods — seeds used for curry pastes and warm spice blends.",,,0
"Green Chiles",Vegetables,170481,40,2,9.5,0.2,0.28,23,0,1.2,25,1.5,5.2,18,340,7,0.4,242,48,0.7,0,0,1,0,,,,,0
"Green Papaya Juice",Liquids,,40,0.5,9,0.1,0.04,38,0,0.2,15,1.5,6,20,180,3,0.1,60,55,0.3,0,0,1,0,,"Fresh green papaya juice — natural tenderizer for tandoori marinades.",,,0
"Green Peas",Legumes,,81,5.4,14.5,0.4,0.2,65,0,1.5,33,5.7,5.7,25,244,5,1.2,40,38,0,0,0,1,0,,"Sweet green peas providing clean plant protein and essential dietary fiber.",,,0
"Ground Ginger",Spices,,335,9,71.6,4.2,0.63,0,0,19.8,184,14.1,0,116,1320,32,4.8,0,0,0,0,0,0.4,0,,"Fine ground dried ginger root powder","Zesty ground spice root element.",,0
"Gruyere Cheese",Dairy,,413,29.8,0.4,32.3,0.08,18,1.6,0.2,38,0,0.4,1011,81,336,4.5,0,271,0.3,0.6,2.7,1,0,,"Nutty Swiss gruyère for shredding into frittatas and gratins.",,,0
Halloumi,Dairy,172339,321,22,2.6,25,0.1,18,1.5,0.6,0,0,1.8,700,120,221,2.5,0,250,0.1,0.2,1.2,1,0,,,,,0
"Hamour (Fish)",Proteins,175121,92,19.4,0,1,0.35,10,0.6,0.9,37,0,0,27,475,53,0.5,0,48,0.8,2.2,1.2,1,0,,,,,0
"Hamour Fillet",Proteins,,92,19.4,0,1,0.35,10,0.6,0.9,37,0,0,27,475,53,0.5,0,48,0.8,2.2,1.2,1,0,,,,,0
"Harissa Paste (Base)","Base Ingredient",,108.15,1.69,8.09,8.34,0.2963,32.7358,0,1.6494,22.9235,2.9235,3.4494,40.4765,275.2914,294.6568,0.4444,87,138.8099,2.6444,0,0,1,1,"Bell Pepper (Red) (250g) | Black Pepper (1g) | Chili Flakes (2g) | Coriander Seeds (3g) | Cumin Seeds (4g) | Fennel Seeds (3g) | Garlic (Raw) (15g) | Olive Oil (Extra Virgin) (30g) | Red Thai Chillies (10g) | Sea Salt (3g) | Smoked Paprika (4g) | Tomato (Raw) (80g)","House harissa: charred red peppers, garlic, tomatoes, smoked paprika, fresh red chillies, toasted spice mix, and olive oil blended to a brick-red paste.","Step 1: Toast the cumin seeds, fennel seeds, coriander seeds, and dried chilli flakes over medium heat in a dry pan until fragrant. Grind in a pestle and mortar until fine and set aside.\nStep 2: Char the red bell peppers until skins blacken. Cover and steam, then peel and remove seeds.\nStep 3: In a blender or food processor, combine the charred peppers, garlic, chopped tomatoes with their juice, smoked paprika, fresh red chillies, olive oil, ground spice mix, salt, and black pepper. Blend until a brick-red, vibrant paste forms.\nStep 4: Season to taste and transfer to jars.",405,1
Hazelnuts,Fats/Nuts,170588,628,15,16.7,60.8,0.56,113,0,4.7,163,9.7,4.3,114,680,0,2.5,6.3,1,15,0,0,1,0,,,,,0
"Heavy Cream",Dairy,170859,340,2.8,2.7,36.1,0.03,4,0.2,0,7,0,2.7,65,95,27,0.2,0.6,418,0.8,1.1,3.2,1,0,,,,,0
"Hemp Seeds",Fats/Nuts,169457,553,31.6,8.7,48.8,0.6,110,0,8,700,4,1.5,70,1200,5,9.9,0.5,1,0.8,0,0,1,0,,,,,0
"Hing (Asafoetida)",Spices,1104881,290,4,68,1.1,0,0,0,39,80,4,0,690,50,50,0.4,0,0,0,0,0,1,0,,,,,0
"Homemade Coconut Milk","Base Ingredient",,70.8,0.66,3.04,6.7,0.01,5.2,0,0.48,7.2,1.8,1.24,5.2,71.2,4.8,0.22,0.66,0,0.048,0,0,1,1,"Coconut Meat (200g) | Water (Filtered) (800g)","Fresh, additive-free coconut milk made from whole coconut meat, providing a pure alternative to store-bought.","Step 1: Blend coconut meat and filtered water on high speed until smooth.\nStep 2: Strain through a nut milk bag into a glass jar.",1000,0
"Honey (Raw)",Pantry,169640,304,0.3,82.4,0,0.02,2,0,0.4,2,0,82.1,6,52,4,0.2,0.5,0,0,0,0,1,0,,,,,0
"Honey Mustard Dressing (Base)","Base Ingredient",,585.87,0.56,16.8,58.95,0.0706,3.5059,0,0.6824,12.9176,0.9647,12.7647,19.3294,170.5882,915.5882,0.1294,12.1176,0.6118,8.6118,0,0.9412,1,1,"Black Pepper (1g) | Date Syrup (15g) | Garlic (Raw) (2g) | Lemon Juice (25g) | Mustard Oil (10g) | Olive Oil (Extra Virgin) (40g) | Sea Salt (2g)","Sweet-sharp honey mustard vinaigrette with date syrup, mustard oil, and lemon.","Step 1: Mince the garlic.\nStep 2: Whisk olive oil, mustard oil, lemon juice, and date syrup until emulsified.\nStep 3: Stir in garlic, salt, and pepper.",85,0
Horseradish,Spices,170479,48,1.2,11.3,0.7,0.07,57,0,0.4,27,3.3,8,56,246,314,0.8,24.9,1,0,0,0,1,0,,,,,0
"Hot Sauce",Pantry,1103975,11,0,1.8,0.4,0.05,0,0,0.4,7,0.7,1.1,11,141,2640,0.1,26,50,0.5,0,0,1,0,,,,,0
Hummus,Proteins,170503,166,7.9,14.3,9.6,0.18,59,0,1.6,71,6,0.3,38,228,379,1.1,0,2,1.1,0,1.5,1,0,,,,,0
"Iceberg Lettuce",Vegetables,169248,14,0.9,3,0.1,0.04,29,0,0.4,7,1.2,2,18,141,10,0.2,2.8,25,0.2,0,0,1,0,,,,,0
"Italian Herb Blend",Spices,,270,10,50,8,0,0,0,30,0,40,0,1500,1000,50,0,0,0,0,0,0,0.3,0,,"Dried blend of oregano, basil, rosemary, and thyme","Aromatic herb profile.",,0
"Italian Meatballs (Base)","Base Ingredient",,209.61,19.49,3.53,13.09,0.32,22.6533,2.92,2.8467,44.9267,1.7933,0.4,55.88,377.24,590.48,7.2,6.88,41.66,1.98,0.4133,3.6,1,1,"Almond Flour (10g) | Beef Chuck Roast (120g) | Black Pepper (2g) | Eggs (Large) (20g) | Fresh Parsley (5g) | Nutmeg (1g) | Rosemary (Fresh) (2g) | Sea Salt (2g) | Thyme (Fresh) (2g)","Hand-rolled beef chuck meatballs with egg, almond flour, fresh parsley, rosemary, thyme, and nutmeg.","Step 1: Finely chop fresh parsley, rosemary, and thyme.\nStep 2: Combine beef chuck, egg, almond flour, chopped parsley, herbs, nutmeg, black pepper, and sea salt; mix until just combined.\nStep 3: Roll into walnut-sized meatballs.\nStep 4: Brown in a hot pan until golden all over, then simmer in marinara until cooked through.",150,0
Jalapeño,Vegetables,170495,29,0.9,6.5,0.4,0.21,27,0,0.3,15,2.8,4.1,12,248,3,0.1,118.6,54,0.4,0,0,1,0,,,,,0
"Jasmine Rice",Grains,1104384,143,3,31,0,0.04,4,0,0.3,5,0,0,0,15,0,0.3,0,0,0,0,0,1,0,,,,,0
"Kalamata Olives",Pantry,170919,239,1.1,4.3,25,0.02,1,0,1.3,4,2.1,0,64,36,1340,0.2,0,15,1.7,0,0,1,0,,,,,0
Kale,Vegetables,168421,35,2.9,4.4,1.5,0.15,29,0,1.6,33,4.1,1,254,348,53,0.4,93.4,241,0.7,0,0,1,0,,,,,0
"Kashmiri Chili Powder",Spices,,324,12,50,17,2.1,0,0,7.8,152,27,10,148,2014,30,2.5,76,1492,28,0,0,1,0,,"Mild vibrant red kashmiri chili powder for tandoori colour and gentle heat.",,,0
Kefir,Dairy,171285,63,3.3,4.7,3.5,0.06,18,0.3,0.04,12,0,4.6,120,164,40,0.5,0.5,25,0.1,0.1,0,1,0,,"Plain fermented milk — calcium and B12 from dairy culture.",,,0
"Kidney Beans",Legumes,173745,127,8.7,22.8,0.5,0.1,130,0,2.2,45,6.4,0.3,35,405,2,1.1,1.2,0,0,0,0,0.8,0,,,,,1
Kimchi,Pantry,1103636,15,1.1,2.4,0.5,0.21,52,0,2.5,14,1.6,1.3,33,151,498,0.2,18,35,0.1,0,0,1,0,,,,,0
"Kimchi (Base)","Base Ingredient",,36.67,1.52,8.3,0.31,0.121,69.129,0,0.5323,15.3258,1.5694,4.3387,77.021,265.4742,765.5742,0.2726,24.9113,78.871,0.229,0,0,1,1,"Carrots (40g) | Garlic (Raw) (25g) | Ginger (Raw) (15g) | Gochugaru (4g) | Honey (Raw) (20g) | Napa Cabbage (500g) | Sea Salt (12g) | Spring Onion (30g)","Homemade napa cabbage kimchi fermented with a gochugaru, pear, garlic, ginger, and miso paste for two weeks.","Step 1: Roughly chop napa cabbage, salt heavily, and rest 2 hours until wilted; rinse and drain well.\nStep 2: Blend pear, garlic, ginger, miso paste, fresh red chili, and gochugaru into a paste.\nStep 3: Fold in dried chili and sliced spring onion, then coat the cabbage thoroughly.\nStep 4: Pack tightly into a sterile jar under its brine, seal, and ferment in a cool dark place for 2 weeks.",620,0
Kiwi,Fruits,,61,1.1,14.7,0.5,0.06,25,0,0.3,17,3,9,34,312,3,0.1,92.7,4,1.5,0,0,1,0,,,,,0
Kohlrabi,Vegetables,168434,27,1.7,6.2,0.1,0.15,16,0,0.4,19,3.6,2.6,24,350,20,0.3,62,2,0.5,0,0,1,0,,,,,0
"Koosa (Squash)",Vegetables,,17,1.2,3.1,0.3,0.22,24,0,0.4,18,1,2.5,16,261,8,0.3,17.9,10,0.1,0,0,1,0,,,,,0
"Lamb Chops",Proteins,174390,202,25,0,11,0.13,0,2.3,1.6,22,0,0,16,310,72,4.5,0,0,0.2,0.1,1.5,1,0,,,,,0
"Lamb Ground",Proteins,172465,283,16.6,0,23.4,0.11,2,2.1,1.6,21,0,0,16,222,59,3.4,0,0,0.2,0.1,1.5,1,0,,,,,0
"Lavender (Ground)",Spices,,329,4,61,14,0.4,0,0,7.5,178,0,0,0,0,0,0,0,0,0,0,0,1,0,,"Culinary dried ground lavender buds",,,0
Leeks,Vegetables,169245,61,1.5,14.2,0.3,0.23,64,0,2.1,28,1.8,3.9,59,180,20,0.1,12,83,0.9,0,0,1,0,,,,,0
"Lemon Juice",Liquids,168461,22,0.4,6.9,0.2,0.05,11,0,0.1,8,0.3,2.5,6,103,1,0.1,38.7,1,0.1,0,0,1,0,,,,,0
"Lemon Olive Dressing (Base)","Base Ingredient",,539.2,0.16,2.76,60.08,0.0267,4.4,0,0.4,3.2,0.12,1,3,41.8,1.6,0.04,15.48,0.4,8.68,0,0,1,1,"Lemon Juice (30g) | Olive Oil (Extra Virgin) (45g)","Simple lemon and olive oil vinaigrette.","Step 1: Whisk olive oil and lemon juice until combined.\nStep 2: Drizzle over salad just before serving.",75,0
"Lemon Zest",Fruit,167746,30,0.7,10.5,0.2,0.04,8,0,0.6,6,2.8,1.7,33,102,2,0.1,29.1,3,0.2,0,0,1,0,,,,,0
"Lemon-Tahini Dressing (Base)","Base Ingredient",,390.86,8.34,14.49,36.16,0.1429,49.1,0,4.4429,49.8286,4.8143,1.1714,211.7714,262.3857,1161.5429,2.2143,15.1571,2.1143,1.8429,0,0,1,1,"Black Pepper (1g) | Garlic (Raw) (3g) | Lemon Juice (25g) | Olive Oil (Extra Virgin) (8g) | Sea Salt (2g) | Tahini (32g)","Classic lemon-tahini dressing with garlic, olive oil, salt, and pepper.","Step 1: Whisk tahini and lemon juice until smooth.\nStep 2: Stir in minced garlic, olive oil, salt, and pepper.\nStep 3: Thin with a splash of water if needed until pourable.",70,0
Lemongrass,Spices,168573,99,1.8,25.3,0.5,0.07,75,0,8.2,60,0,0,65,723,6,2.2,2.6,0,0,0,0,1,0,,,,,0
"Lentils (Red)",Legumes,172422,352,24.63,63.35,1.06,0.54,479,0,7.39,47,10.7,2,35,677,6,3.27,4.5,2,0.49,0,0,0.8,0,,,,,1
"Lime Herb Dressing (Base)","Base Ingredient",,224.63,0.42,5.98,23.37,0.0465,11.3023,0,0.2558,6,0.4651,1.2558,11.186,107.7442,5.0698,0.0465,22.814,24.2093,3.6744,0,0,1,1,"Fresh Coriander (3g) | Lime Juice (30g) | Olive Oil (Extra Virgin) (10g)","Fresh lime and herb dressing for tropical chicken salads.","Step 1: Whisk lime juice and olive oil.\nStep 2: Stir in chopped coriander.\nStep 3: Toss with salad or use as a light marinade.",43,0
"Lime Juice",Liquids,168460,25,0.4,8.2,0.1,0.04,10,0,0,6,0.4,1.7,9,102,2,0,30,1,0.2,0,0,1,0,,,,,0
"Lime Leaves",Herbs,1103000,75,2.5,12,0.5,0.1,10,0,1.5,40,2,1,50,120,5,0.2,5,15,0.1,0,0,1,0,,,,,0
"Lime Zest",Fruit,168155,30,0.7,10.5,0.2,0.04,8,0,0.6,6,2.8,1.7,33,102,2,0.1,29.1,3,0.2,0,0,1,0,,,,,0
"Long Beans",Vegetables,171537,47,2.8,8.4,0.4,0.02,62,0,0.5,44,3.8,0,50,240,4,0.4,18.8,43,0,0,0,1,0,,,,,0
"Loomi (Black Lime)",Spices,,30,0.7,10.5,0.2,0.04,10,0,0.6,6,2.8,1.7,33,102,2,0.1,29.1,1,0.2,0,0,1,0,,,,,0
Mace,Spices,171326,475,6.7,50.5,32.4,0.16,76,0,13.9,163,20.2,0,252,463,80,2.1,21,40,0,0,0,1,0,,,,,0
Mackerel,Proteins,175118,205,18.6,0,13.9,0.4,1,8.7,1.6,76,0,0,12,314,90,0.6,0,48,1.5,16.1,1.5,1,0,,,,,0
Mango,Fruits,169910,60,0.8,15,0.4,0.12,43,0,0.2,10,1.6,13.7,11,168,1,0.1,36.4,54,0.9,0,0,1,0,,,,,0
"Mango Chutney Dressing","Base Ingredient",,113.8,0.71,10.81,7.89,0.1143,25.819,0,0.2667,8.7905,1.0476,8.1238,14.4857,139.0952,740.8476,0.0952,24.6476,30.9524,1.6381,0,0,1,1,"Apple Cider Vinegar (20g) | Garlic (Raw) (3g) | Ginger (Raw) (2g) | Lime Juice (10g) | Mango (60g) | Olive Oil (Extra Virgin) (8g) | Sea Salt (2g)",,,105,0
"Maple Syrup",Pantry,169661,260,0,67,0.1,0.01,0,0,1.2,21,0,60.5,102,212,12,1.5,0,0,0,0,0,1,0,,,,,0
"Marinara Sauce (Base)","Base Ingredient",,44.84,1.21,6.19,2.12,0.1322,21.5214,0,0.6058,13.772,1.6801,3.238,22.7809,268.3111,113.3212,0.2519,25.5428,99.3778,0.9836,0,0,1,1,"Bell Pepper (Red) (80g) | Black Pepper (1g) | Carrots (45g) | Celery (45g) | Fresh Basil (8g) | Fresh Parsley (8g) | Garlic (Raw) (12g) | Olive Oil (15g) | Sea Salt (2g) | Thyme (Fresh) (3g) | Tomato (Raw) (450g) | Tomato Paste (35g) | White Onion (90g)","House tomato marinara with soffritto vegetables, roasted red peppers, and fresh herbs.","Step 1: Warm olive oil in a large pot over medium heat.\nStep 2: Dice onion, carrot, and celery. Mince garlic. Sauté in the oil until softened (8–10 min).\nStep 3: Add chopped tomatoes and tomato paste; simmer 20 minutes until broken down.\nStep 4: Add diced red bell pepper, basil, thyme, and parsley. Season with salt and pepper.\nStep 5: Simmer 15–20 minutes, then blend until smooth. Adjust seasoning and keep warm.",794,0
"Mediterranean Lemon Dressing (Base)","Base Ingredient",,453,0.2,3.45,50.1,0.0333,5.5,0,0.35,4,0.15,1.25,3.5,52,1.5,0.05,19.35,0.5,7.25,0,0,1,1,"Lemon Juice (30g) | Olive Oil (Extra Virgin) (30g)","Classic Mediterranean lemon vinaigrette.","Step 1: Whisk olive oil and lemon juice.\nStep 2: Toss with salad just before serving.",60,0
"Medjool Dates",Fruits,,277,1.8,75,0.2,0.25,15,0,0.9,54,6.7,66.5,64,696,1,0.4,0,7,0.1,0,0,1,0,,,,,0
"Mexican Beans (Base)","Base Ingredient",,36.4,1.41,4.74,1.67,0.0403,18.8361,0,0.725,15.0861,1.6139,0.5847,17.0306,89.9722,231.2069,0.2111,1.6056,9.0583,0.2833,0,0,1,1,"Cinnamon (2g) | Cocoa Powder (5g) | Cooked Black Beans (Base) (200g) | cumin powder (3g) | Fresh Coriander (8g) | Garlic (Raw) (8g) | Olive Oil (Extra Virgin) (10g) | Red Onion (40g) | Sea Salt (3g) | Tomato Sauce (40g) | Vegetable Broth (Base) (30g)","Smoky-sweet Mexican-style black beans with cumin, cinnamon, cocoa, and tomato sauce — serve as a side or in burritos, tacos, salads, or potato hash.","Step 1: Rinse dried black beans thoroughly under cold water, then soak overnight in plenty of cold filtered water with a pinch of baking soda. (Soak overnight for better nutrient absorption by deactivating phytic acid, to improve digestibility, and to reduce cooking time.)\nStep 2: Drain and rinse soaked beans well.\nStep 3: Cover beans with fresh filtered water, simmer until tender (60–90 minutes), then drain.\nStep 4: Heat olive oil in a medium pot over medium heat. Sauté red onion until caramelized.\nStep 5: Add garlic, cumin, and cinnamon; cook 30 seconds.\nStep 6: Add cooked beans, tomato sauce, vegetable broth, cocoa powder, and sea salt. Simmer 10–15 minutes.\nStep 7: Fold in chopped fresh coriander before serving.",720,1
Millet,Grain,169702,119,3.5,23.7,1,0.1,19,0,0.6,44,1.3,0.1,3,62,2,0.6,0,0,0.1,0,0,1,0,,,,,0
"Millet Flour",Grains,169701,382,10.8,75.1,3.5,0.38,85,0,3.9,114,3.5,1.5,10,224,4,1.7,0,0,0,0,0,1,0,,,,,0
"Mint Coconut Chutney Dressing (Base)","Base Ingredient",,148.61,1.02,6.13,14.29,0.0722,19.8144,0,0.8866,14.5773,1.701,1.1031,36.5155,165.0206,408.7526,0.2268,19.3814,47.2165,2.0928,0,0,1,1,"Black Pepper (0.5g) | Fresh Coriander (8g) | Fresh Mint (8g) | Garlic (Raw) (2g) | Homemade Coconut Milk (25g) | Lime Juice (30g) | Olive Oil (Extra Virgin) (12g) | Red Thai Chillies (3g) | Sea Salt (1g)","Spicy Indian-style coconut-lime chutney dressing with mint and coriander.","Step 1: Finely chop mint, coriander, and chilli.\nStep 2: Whisk coconut milk, lime juice, olive oil, garlic, salt, and pepper.\nStep 3: Stir in herbs and chilli. Tag: Spicy.",97,0
Miso,Pantry,172442,199,12.8,25.4,6,0.2,19,0,2.5,48,5.4,6.2,57,210,3728,2.6,0,4,0.1,0,0,1,0,,,,,0
"Miso Paste",Pantry,174278,199,11.7,26.5,6,0.2,19,0,2.5,48,5.4,6.2,57,210,3728,2.6,0,4,0,0,0,1,0,,,,,0
"Miso Tahini Dressing (Base)","Base Ingredient",,222.78,4.96,7.55,20.5,0.0748,24.3738,0,2.3178,26.3925,2.6168,0.5981,107.5981,120.0748,306.1308,1.2897,0.5794,1,0.1776,0,0,1,1,"Garlic (Raw) (2g) | Miso Paste (8g) | Rice Vinegar (8g) | Sesame Oil (8g) | Tahini (25g) | Water (Filtered) (15g)","Savory miso-tahini dressing with sesame oil and rice vinegar.","Step 1: Whisk tahini, miso, vinegar, and sesame oil until smooth.\nStep 2: Stir in garlic and thin with water to pourable.",107,0
"Moroccan Spice Blend (Cumin Cinnamon Coriander)",Spices,,315,10,52,11,0.35,15,0,15,160,30,1,750,1100,45,3.5,15,80,2,0,0,0.5,0,,"Custom North African spice blend","Aromatic blend of ground cumin, cinnamon, and coriander seed.",,0
"Mung Beans",Legumes,175257,105,7,19.1,0.4,0.1,159,0,1.4,48,7.6,2,27,266,2,0.8,1,1,0.1,0,0,0.8,0,,,,,1
Mushrooms,Vegetables,169251,22,3.1,3.3,0.3,0.1,16,0,0.5,9,1,2,3,318,5,0.5,2.1,0,0,0.2,0,1,0,,,,,0
"Mustard Dressing (Base)","Base Ingredient",,407.29,0.98,4.87,44.11,0.0652,5.3478,0,0.6522,11.7283,1,1.3478,19.5543,82.6522,991.7935,0.1522,15.5978,0.6739,6.3696,0,0,1,1,"Black Pepper (1g) | Dijon Mustard (12g) | Garlic (Raw) (2g) | Lemon Juice (35g) | Olive Oil (Extra Virgin) (40g) | Sea Salt (2g)","A sharp, zesty non-toxic dressing utilizing clean fats and a punch of warm mustard oil.","Step 1: Mince the raw garlic finely.\nStep 2: Whisk the extra virgin olive oil, mustard oil, and fresh lemon juice together in a small bowl.\nStep 3: Stir in the minced garlic, sea salt, and black pepper until completely emulsified.",92,0
"Mustard Oil","Fats & Oils",171019,884,0,0,100,0,0,0,0,0,0,0,0,0,0,0,0,0,15.2,0,8,0.92,0,,,,,0
"Mustard Seeds",,170490,508,26.1,28.1,36.2,0,0,0,6.5,370,0,0,0,0,0,0,0,0,0,0,0,1,0,,,,,0
"Napa Cabbage",Vegetables,169229,16,1.2,3.2,0.2,0.05,79,0,0.3,13,1.2,1.4,77,238,11,0.2,27,16,0.1,0,0,1,0,,,,,0
Nutmeg,Spices,,525,6,49.2,36.3,0.16,76,0,3,183,20.8,2.8,184,350,16,2.1,3,102,0,0,0,0.45,0,,"Whole or freshly ground organic nutmeg kernels","Intensely aromatic and warm seed seasoning profile.",,0
"Nutritional Yeast",Pantry,1104888,400,53.3,33.3,0,30,2000,15,5.3,133,26.7,0,100,2000,133,13.3,0,0,0,0,0,1,0,,,,,0
"Oats (Rolled)",Grains,1101825,389,16.9,66.3,6.9,0.12,56,0,4.7,177,10.6,0,54,429,2,4,0,0,0.4,0,0,1,0,,,,,0
Okra,Vegetables,169255,33,1.9,7.5,0.2,0.21,60,0,0.6,57,3.2,1.5,82,299,7,0.6,23,36,0.3,0,0,1,0,,,,,0
"Olive Oil",Pantry,,884,0,0,100,0,0,0,0.6,0,0,0,1,1,2,0,0,0,14.4,0,0,1,0,,,,,0
"Olive Oil",Fats,5653,884,0,0,100,4.4,333,8.2,1.22,220.89,0,0,0,0,0,0,0,0,0,0,0,2.72,0,,,,,0
"Olive Oil",Fats,,884,0,0,100,0.17,382.15,16.68,11.95,282.32,0,0,0,0,0,0,0,0,0,0,0,2.78,0,,,,,0
"Olive Oil",Fats,,884,0,0,100,3.46,403.2,10.39,19.47,202.72,0,0,0,0,0,0,0,0,0,0,0,2.62,0,,,,,0
"Olive Oil",Fats,1510,884,0,0,100,5.23,158.85,7.41,16.32,91.27,0,0,0,0,0,0,0,0,0,0,0,2.3,0,,,,,0
"Olive Oil",Fats,7279,884,0,0,100,4.86,0.73,2.39,14.3,245.4,0,0,0,0,0,0,0,0,0,0,0,1.3,0,,,,,0
"Olive Oil",Fats,4057,884,0,0,100,8.9,84.52,8.4,18.69,224.33,0,0,0,0,0,0,0,0,0,0,0,2.05,0,,,,,0
"Olive Oil",Fats,,884,0,0,100,5.09,276.54,10.69,17.48,290.18,0,0,0,0,0,0,0,0,0,0,0,2.09,0,,,,,0
"Olive Oil",Fats,7222,884,0,0,100,4.31,21.87,18.74,1.48,165.35,0,0,0,0,0,0,0,0,0,0,0,0.96,0,,,,,0
"Olive Oil",Fats,9378,884,0,0,100,6.87,231.68,18.65,14.69,257.66,0,0,0,0,0,0,0,0,0,0,0,2.42,0,,,,,0
"Olive Oil",Fats,5864,884,0,0,100,1.24,95.14,6.92,19.08,57.31,0,0,0,0,0,0,0,0,0,0,0,1.32,0,,,,,0
"Olive Oil",Fats,,884,0,0,100,1.7,372.75,6.33,7.97,258.5,0,0,0,0,0,0,0,0,0,0,0,0.83,0,,,,,0
"Olive Oil",Fats,4452,884,0,0,100,3.35,379.16,7.14,1.72,179.3,0,0,0,0,0,0,0,0,0,0,0,1.59,0,,,,,0
"Olive Oil",Fats,,884,0,0,100,7.88,372.26,0.4,13.11,139.99,0,0,0,0,0,0,0,0,0,0,0,1.92,0,,,,,0
"Olive Oil",Fats,8825,884,0,0,100,2.15,264.62,13.24,19.23,131.79,0,0,0,0,0,0,0,0,0,0,0,0.55,0,,,,,0
"Olive Oil",Fats,9214,884,0,0,100,7.58,467.01,5.15,9.8,293.85,0,0,0,0,0,0,0,0,0,0,0,1.95,0,,,,,0
"Olive Oil",Fats,7228,884,0,0,100,0.36,286.61,5.28,19.28,78.49,0,0,0,0,0,0,0,0,0,0,0,2.66,0,,,,,0
"Olive Oil",Fats,2509,884,0,0,100,9.62,3.88,0.97,7.67,52.77,0,0,0,0,0,0,0,0,0,0,0,1.08,0,,,,,0
"Olive Oil",Fats,4667,884,0,0,100,5.85,225.89,3.98,14.05,258.41,0,0,0,0,0,0,0,0,0,0,0,2.95,0,,,,,0
"Olive Oil",Fats,3967,884,0,0,100,9.08,61.67,1.74,12.26,26.7,0,0,0,0,0,0,0,0,0,0,0,0.78,0,,,,,0
"Olive Oil",Fats,2173,884,0,0,100,2.51,299.19,6.98,9.8,242.1,0,0,0,0,0,0,0,0,0,0,0,1.18,0,,,,,0
"Olive Oil",Fats,2247,884,0,0,100,2.95,480.88,0.36,18.71,7.65,0,0,0,0,0,0,0,0,0,0,0,1.01,0,,,,,0
"Olive Oil",Fats,6140,884,0,0,100,1.64,98.25,2.5,8.63,163.62,0,0,0,0,0,0,0,0,0,0,0,1.99,0,,,,,0
"Olive Oil",Fats,,884,0,0,100,8.81,26.79,12.75,14.8,159.08,0,0,0,0,0,0,0,0,0,0,0,1.99,0,,,,,0
"Olive Oil",Fats,6253,884,0,0,100,5.03,250.87,4,19.64,86.94,0,0,0,0,0,0,0,0,0,0,0,1.61,0,,,,,0
"Olive Oil",Fats,3948,884,0,0,100,9.06,174.47,7.42,17.08,122.5,0,0,0,0,0,0,0,0,0,0,0,0.97,0,,,,,0
"Olive Oil",Fats,,884,0,0,100,4.16,418.57,10.68,17.52,155.47,0,0,0,0,0,0,0,0,0,0,0,2.71,0,,,,,0
"Olive Oil",Fats,3238,884,0,0,100,3.57,86.74,12.79,7.63,28.72,0,0,0,0,0,0,0,0,0,0,0,0.74,0,,,,,0
"Olive Oil",Fats,,884,0,0,100,9.09,364.01,6.6,19.09,274.34,0,0,0,0,0,0,0,0,0,0,0,1.51,0,,,,,0
"Olive Oil",Fats,7562,884,0,0,100,9.63,207.71,4.04,1.67,246.37,0,0,0,0,0,0,0,0,0,0,0,2.99,0,,,,,0
"Olive Oil",Fats,3753,884,0,0,100,8.21,16.33,17.6,15.48,36.16,0,0,0,0,0,0,0,0,0,0,0,0.31,0,,,,,0
"Olive Oil (Extra Virgin)",Fats,171413,884,0,0,100,0,0,0,0.6,0,0,0,1,1,2,0,0,0,14.4,0,0,1,0,,,,,0
"Onion Powder",Spices,,341,10.4,79.1,1,0.5,31,0,1.9,43,15.2,6.9,384,985,62,0.5,3.7,0,0.1,0,0,1,0,,"Dried ground onion — for rubs, spice blends, and savoury seasoning.",,,0
"Orange Juice",Fruit,169098,45,0.7,10.4,0.2,0.04,30,0,0.2,11,0.2,8.4,11,200,1,0.1,50,10,0.1,0,0,1,0,,,,,0
"Orange Sections",Fruits,,47,0.9,11.8,0.1,0.06,30,0,0.1,10,2.4,9.4,40,181,0,0.1,53.2,11,0.2,0,0,0.85,0,,"Fresh whole orange segments peeled with no pith","Juicy citrus segments.",,0
"Orange Zest",Fruit,168531,97,1.5,25,0.2,0.17,30,0,0.8,22,10.6,2.2,161,212,3,0.3,136,36,0.3,0,0,1,0,,,,,0
Oregano,Herbs,,265,9,68.9,4.3,1,274,0,36.8,270,42.5,4.1,1597,1260,25,2.7,2.3,85,18.3,0,0,1,0,,"Premium, aromatic dried oregano leaves high in iron and antioxidants for clean seasoning.",,,0
"Palm sugar",Pantry,1103905,383,0,98,0,0,0,0,0.1,0,0,94,0,0,10,0,0,0,0,0,0,1,0,,,,,0
"Panko / GF Crumbs",Pantry,174270,255,3.4,52,4.3,0.05,30,0,2.1,18,3.5,4.8,70,105,540,0.6,0,0,0.4,0,0,1,0,,,,,0
Paprika,Spices,,282,14.1,54,13,2.1,49,0,23.6,178,37.4,10.3,177,2280,34,4.3,0,2460,30,0,0,1,0,,,,,0
Parmesan,Dairy,170440,392,35.7,3.2,25.8,0.09,7,1.2,0.8,44,0,0.8,1184,92,1602,2.8,0,210,0.2,0.5,2.2,1,0,,,,,0
Parsley,Herbs,170431,36,2.97,6.33,0.79,0.09,152,0,6.2,50,3.3,0.85,138,554,56,1.07,133,421,0.75,0,0,1,0,,,,,0
Peach,Fruit,169931,39,0.9,9.5,0.3,0.02,4,0,0.3,9,1.5,8.4,6,190,0,0.2,6.6,16,0.7,0,0,1,0,,,,,0
"Peach Juice",Beverage,169123,54,0.3,13.1,0.1,0.015,2,0,0.36,6,0.5,12.5,5,120,4,0.05,1.2,11,0.5,0,0,1.05,0,,,,,0
"Peanut Butter",Fats/Nuts,1100557,588,24,21.6,50,0.44,74,0,1.9,154,8,9.2,49,649,17,2.5,0,0,9.1,0,0,1,0,,,,,0
"Peanut Butter Dressing (Base)","Base Ingredient",,532.75,14.39,42.46,36.38,0.4537,35.5093,0,1.713,92.4352,5.0833,31.0093,58.8704,659.6759,1602.0278,1.3426,4.287,7.6667,4.4537,0,0,1,1,"Date Syrup (42g) | Garlic (Raw) (6g) | Ginger (Raw) (5g) | Peanut Butter (48g) | Rice Vinegar (30g) | Sesame Oil (14g) | Spicy Green Chilli Sauce (Base) (5g) | Tamari (30g) | Water (Filtered) (30g)","Thai-inspired peanut dressing with tamari, sesame, ginger, garlic, and date syrup.","Step 1: Whisk peanut butter with rice vinegar, date syrup, tamari, and sesame oil until smooth.\nStep 2: Stir in ginger, garlic, and chilli sauce.\nStep 3: Thin with water to a pourable consistency.",108,0
"Peanuts (Crushed)",Nuts,,567,25.8,16.1,49.2,0.35,240,0,4.6,168,8.5,4.7,92,705,18,3.3,0,0,8.3,0,0,0.6,0,,"Raw crushed peanut pieces","Crunchy topping allocation.",,0
Pear,Fruit,169118,57,0.4,15.2,0.1,0.03,7,0,0.2,7,3.1,9.8,9,116,1,0.1,4.3,1,0.1,0,0,1,0,,,,,0
Pecans,Fats/Nuts,170188,691,9.2,13.9,72,0.21,22,0,2.5,121,9.6,4,70,410,0,4.5,1.1,3,1.4,0,0,1,0,,,,,0
"Pickled Red Onion (Base)","Base Ingredient",,32.2,0.67,6,0.06,0.0758,11.5152,0,0.2045,7.9697,1.0303,2.697,16.9545,116.1667,591.5606,0.1061,4.4848,0,0.0152,0,0,1,1,"Apple Cider Vinegar (50g) | Red Onion (80g) | Sea Salt (2g)","Tangy, vibrant pickled red onions.","Step 1: Slice onions into thin rings.\nStep 2: Submerge in apple cider vinegar and salt.\nStep 3: Let sit for 20 minutes before serving.",132,1
"Pine Nuts",Fats/Nuts,170589,673,13.7,13.1,68.4,0.09,34,0,5.5,251,3.7,3.6,16,597,2,6.5,0.8,1,9.3,0,0,1,0,,,,,0
Pineapple,Fruits,169124,50,0.5,13.1,0.1,0.1,18,0,0.3,12,1.4,9.9,13,109,1,0.1,47.8,3,0,0,0,1,0,,"Raw fresh pineapple chunks, sweet and highly enzymatic.",,,0
"Pomegranate Juice",Beverages,174678,54,0.2,13.1,0.3,0.1,5,0,0.1,7,0.1,12.7,11,214,9,0.1,0.1,0,0,0,0,1,0,,"Pure, unsweetened fresh pomegranate juice, tart and deeply antioxidant-rich.",,,0
"Pomegranate Molasses",Pantry,,249,0.2,62,0.2,0.02,2,0,0.3,8,0,58,6,280,45,0.1,0,0,0,0,0,1.2,0,,"Thick reduced pomegranate syrup — tart, sweet, and used as a Levantine glaze or finishing sauce.",,,0
"Pomegranate Seeds",Fruits,169131,83,1.7,18.7,1.2,0.1,38,0,0.3,12,4,13.7,10,236,3,0.4,10.2,0,0.6,0,0,1,0,,"Fresh pomegranate arils, vibrant red and juicy with a crisp seed center.",,,0
"Pomegranate Sumac Sauce (Base)","Base Ingredient",,259.32,1.44,12.62,23.74,0.1667,6.8148,0,2.4444,19.6574,1.9259,6.1759,49.7593,266.1759,730.3056,0.3148,16.787,16.7963,3.7593,0,0,1,1,"Black Pepper (1g) | Garlic (Raw) (8g) | Lemon Juice (15g) | Olive Oil (Extra Virgin) (25g) | Pomegranate Juice (40g) | Sea Salt (2g) | Sumac (3g) | Thyme (Fresh) (4g) | Tomato Paste (10g)","A tart pomegranate-sumac marinade with garlic and thyme for sumac chicken skewers.","Step 1: Whisk together the olive oil, pomegranate juice, lemon juice, tomato paste, sumac, black pepper, and sea salt until well combined.\nStep 2: Stir in the coarsely chopped garlic cloves and fresh thyme sprigs.\nStep 3: Pour into a large ziplock bag with the chicken, massage everything together, and marinate for at least 2 hours or overnight.",108,0
Potato,Vegetables,170026,77,2,17.5,0.1,0.3,16,0,0.8,23,2.2,0.8,12,421,6,0.3,19.7,0,0.01,0,0,0.85,0,,,,,0
Prawns,Proteins,175179,99,24,0.2,0.3,0.1,2,1.3,0.5,37,0,0,70,259,111,1.1,2.2,54,1.9,0.1,1.5,1,0,,,,,0
"Preserved Lemon",Condiments,2345511,25,0.5,6,0.2,0.04,5,0,0.4,6,2.5,1.2,20,80,1200,0.1,15,1,0.1,0,0,1.05,0,,,,,0
"Protein Powder (Isolate)",Supplements,,360,90,0,1,0,0,0,0,0,0,0,0,0,0,0,0,0,0,0,0,0.4,0,,"Clean unflavored whey or plant isolate protein powder","Pure protein isolate reinforcement.",,0
"Psyllium Husks",Vegetables,1822,378,0,88.9,0,1.51,389.84,9.09,11.8,32.92,0,0,0,0,0,0,0,0,0,0,0,2.53,0,,,,,0
Pumpkin,Vegetables,168448,26,1,6.5,0.1,0.08,16,0,0.8,12,0.5,2.8,21,340,1,0.3,9,426,0.4,0,0,1,0,,"Fresh pumpkin — cubed and roasted for Thai curries and autumn plates.",,,0
"Pumpkin Puree",Vegetables,,34,1,8,0.1,0.05,10,0,0.5,12,0,0,0,0,0,0,0,0,0,0,0,1,0,,"100% pure pumpkin puree with no added sugar or spices.",,,0
"Pumpkin Seeds",Fats/Nuts,170556,559,30.2,10.7,49.1,0.14,58,0,8.8,592,6,1.4,46,809,7,7.8,1.9,1,0.6,0,0,1,0,,,,,0
Purslane,Vegetables,169274,20,2,3.4,0.4,0.07,15,0,2,68,0.9,0.5,65,494,45,0.2,21,260,12.2,0,0,1,0,,"Fresh purslane leaves — lemony, omega-3 rich green for salads, stews, and herb mixes.",,,0
Quinoa,Grain,168877,120,4.4,21.3,1.9,0.1,42,0,1.5,64,2.8,0.9,17,172,7,1.1,0,0,0.6,0,0,1,0,,,,,0
"Quinoa (White)",Grains,168874,120,4.4,21.3,1.9,0.12,42,0,1.5,64,2.8,0.9,17,172,7,1.1,0,0,0.6,0,1.1,1,0,,,,,0
"Quinoa Bread (Base)","Base Ingredient",,286.46,7.32,34.9,13.46,0.3184,104.5196,0.4078,2.9553,111.7598,4.6536,0.0894,167.9162,297.5922,674.3352,1.6257,0.0335,0,2.2961,0,0,1,1,"Baking Powder (4g) | Flaxseeds (10g) | Olive Oil (Extra Virgin) (15g) | Psyllium Husks (8g) | Quinoa Flour (80g) | Sea Salt (2g) | Water (Filtered) (60g)","A dense, clean, and fiber-rich gluten-free alternative bread made entirely from wholesome whole quinoa flour base.","Step 1: Whisk the dry quinoa flour, flaxseeds, psyllium husks, sea salt, and baking powder together thoroughly in a mixing bowl.\nStep 2: Stream in the filtered water and extra virgin olive oil, mixing continuously until a thick, structured batter forms.\nStep 3: Transfer the batter mixture into a prepared mini loaf pan and bake at 375°F (190°C) for 25 to 30 minutes until fully set and the top crust turns golden brown.",179,0
"Quinoa Flatbread (Base)","Base Ingredient",,289.92,7.66,35.53,13.28,0.3243,107.5338,0.3716,3.0135,116.0541,4.7838,0.0878,37.4324,310.3378,528.2432,1.7027,0.0338,0,2.3176,0,0,1,1,"Flaxseeds (8g) | Olive Oil (Extra Virgin) (12g) | Psyllium Husks (6g) | Quinoa Flour (70g) | Sea Salt (2g) | Water (Filtered) (50g)","A simple, two-ingredient gluten-free flatbread made from wholesome quinoa flour, pan-seared until light, pliable, and perfectly tender for dipping.","Step 1: In a small mixing bowl, whisk together the quinoa flour, flaxseeds, psyllium husks, and sea salt.\nStep 2: Pour in the filtered water and half of the olive oil, stirring continuously to form a smooth, workable dough.\nStep 3: Divide dough into balls and roll flat between two sheets of parchment paper.\nStep 4: Heat a non-stick skillet over medium-high heat with the remaining olive oil, and cook the flatbread for 2 to 3 minutes per side until lightly golden brown and flexible.",148,0
"Quinoa Flour","Grains & Flours",,368,14.1,64.2,6.1,0.5,184,0,4.6,197,7,0,47,563,5,3.1,0,0,2.4,0,0,1,0,,,,,0
Radish,Vegetables,169276,16,0.68,3.4,0.1,0.07,37,0,1.6,25,0.6,0.5,25,233,39,0.3,14.8,0,0,0,0,1,0,,"Fresh red radish — grated for pâté and salads.",,,0
Raisins,Fruits,,299,3.1,79.2,0.5,0.17,5,0,1.9,32,3.7,59.2,50,749,11,0.2,2.3,0,0.1,0,0,0.65,0,,"Unsweetened naturally dried purple grapes","Whole food sweetness elements.",,0
"Ras El Hanout",Spices,,320,11,50,12,1.5,40,0,25,160,25,5,450,1500,50,3.5,30,250,15,0,0,1,0,,,,,0
"Ras El Hanout (Base)","Base Ingredient",,488.57,12.2,90.23,19.03,0.5333,38.0667,0,22.9667,258.7333,33.9667,1.4667,523.2667,1365.9333,46.7333,4.8,20.0333,128.5,2.3,0,0,1,1,"Allspice (3g) | Anise Seeds (1.5g) | Black Pepper (1.5g) | Cayenne Pepper (1.5g) | Cinnamon (3g) | Clove (0.75g) | coriander powder (3g) | Green Cardamom (6g) | Ground Ginger (6g) | Lavender (Ground) (3g) | Mace (6g) | Nutmeg (3g) | Turmeric (3g) | White Peppercorns (1.5g)","House ras el hanout / Moroccan spice blend with ginger, cardamom, mace, cinnamon, allspice, coriander, nutmeg, lavender, turmeric, peppers, anise, and cloves.","Step 1: Measure ground ginger (2 tsp), ground cardamom (2 tsp), ground mace (2 tsp), ground cinnamon (1 tsp), ground allspice (1 tsp), ground coriander (1 tsp), ground nutmeg (1 tsp), ground lavender (1 tsp), ground turmeric (1 tsp), black pepper (1/2 tsp), white pepper (1/2 tsp), cayenne pepper (1/2 tsp), ground anise seed (1/2 tsp), and ground cloves (1/4 tsp) into a dry bowl.\nStep 2: Whisk together until evenly blended.\nStep 3: Store airtight and use as the house ras el hanout spice blend.",30,0
Raspberries,Fruits,167755,52,1.2,11.9,0.7,0.06,21,0,0.7,22,6.5,4.4,25,151,1,0.4,26.2,2,0.9,0,0,1,0,,,,,0
"Ratatouille (Base)","Base Ingredient",,58.72,1.41,6.91,3.29,0.1897,25.1057,0,0.6423,16.3523,2.0786,3.6775,22.393,268.8157,335.2764,0.2927,32.3306,44.4824,1.1734,0,0,1,1,"Bell Pepper (Red) (60g) | Eggplant (100g) | Fresh Basil (8g) | Garlic (Raw) (8g) | Harissa Paste (Base) (15g) | Olive Oil (Extra Virgin) (10g) | Red Onion (50g) | Red Wine Vinegar (10g) | Sea Salt (3g) | Tomato Paste (25g) | Zucchini (80g)","A rich, deeply flavored Mediterranean vegetable stew slow-simmered with sweet peppers, onions, eggplant, zucchini, Harissa Paste (Base), savory anchovies, and fresh basil.","Step 1: Halve zucchini lengthways and slice eggplant 1cm thick, then roast at 400°F until tender.\nStep 2: Chop roughly.\nStep 3: Chop peppers and onions, then sauté in a pan with Harissa Paste (Base), anchovies, and a teaspoon of their oil.\nStep 4: Add crushed garlic.\nStep 5: Stir in roasted zucchini, eggplant, tomato paste, and vinegar.\nStep 6: Simmer with the lid on until flavors meld, finishing with fresh torn basil leaves.",369,1
"Red Chili",Vegetables,,40,1.9,8.8,0.4,0.5,23,0,1,23,1.5,5.3,14,322,9,0.3,143.7,48,0.7,0,0,1,0,,"Fresh hot red chili peppers, providing vibrant heat and high vitamin C capsicum notes.",,,0
"Red Onion",Vegetables,169998,40,1.1,9.34,0.1,0.12,19,0,0.21,10,1.7,4.2,23,146,4,0.17,7.4,0,0.02,0,0,1,0,,,,,0
"Red Pepper Dressing (Base)","Base Ingredient",,195.3,0.94,6,18.87,0.2075,26.2282,0,0.4647,9.7012,1.5021,2.8672,16.2614,155.8963,325.8382,0.2241,65.8506,78.2863,3.4979,0,0,1,1,"Apple Cider Vinegar (25g) | Bell Pepper (Red) (120g) | Black Pepper (1g) | Garlic (Raw) (8g) | Olive Oil (Extra Virgin) (45g) | Sea Salt (2g) | White Onion (40g)","A vibrant, emulsified sweet red pepper dressing balanced with zesty apple cider vinegar and clean extra virgin olive oil.","Step 1: Roughly chop the bell pepper, white onion, and garlic.\nStep 2: Place them into a high-speed blender along with the apple cider vinegar, sea salt, and black pepper.\nStep 3: Blend on high until completely smooth.\nStep 4: Lower the blender speed and slowly stream in the extra virgin olive oil until the dressing is fully emulsified.",241,1
"Red Thai Chillies",Vegetables,168574,40,1.9,8.8,0.4,0.5,23,0,1,23,1.5,5.3,14,322,9,0.3,143.7,48,0.7,0,0,1,0,,,,,0
"Red Thai Curry Paste (Base)","Base Ingredient",,118.24,2.78,13.81,7.09,0.2828,24.7147,0.0051,2.9666,43.7892,2.7712,2.5861,72.036,356.1337,716.5707,0.7712,21.9794,31.9537,0.4062,0,0,1,1,"Black Pepper (2g) | Coconut Milk (30g) | Coriander Seeds (3g) | Cumin Seeds (2g) | Fish Sauce (10g) | Fresh Coriander (15g) | Galangal (10g) | Garlic (Raw) (20g) | Green Cardamom (2g) | Lemongrass (15g) | Lime Juice (15g) | Lime Leaves (3g) | Red Chili (4g) | Red Thai Chillies (12g) | Sea Salt (1.5g) | Sesame Oil (5g) | Shallots (25g) | Water (Filtered) (20g)","House-made red Thai curry paste with toasted spices, aromatics, fish sauce, and coconut milk.","Step 1: Toast coriander seeds, green cardamom, dry red chilies, black peppercorns, and cumin in a dry pan until fragrant; grind to a fine powder.\nStep 2: Roughly chop garlic, shallots, galangal, lemongrass (lower half of stalks), coriander stems, and Thai chilies.\nStep 3: Blend the chopped aromatics with lime zest, lime juice, lime leaves, ground spices, sesame oil, and filtered water until a smooth paste forms.\nStep 4: Stir in fish sauce and coconut milk until fully combined.\nStep 5: Store refrigerated and use as the base for red Thai curries.",194.5,1
"Red Wine Vinegar",Pantry,172242,6,0,0.3,0,0,0,0,0.5,4,0,0,6,39,8,0,0,0,0,0,0,1,0,,,,,0
Rice,,,0,0,0,0,0,0,0,0,0,0,0,0,0,0,0,0,0,0,0,0,1,0,,,,,0
"Rice Flour","Grains & Flours",,366,6,80,1.4,0.43,4,0,0.4,11,2.4,0.1,10,76,0,0.8,0,0,0,0,0,0.55,0,,"Finely milled gluten-free white rice flour","Used as a non-toxic binding matrix for fritters and bakes.",,0
"Rice Vinegar",Pantry,172241,0,0,0,0,0,0,0,0,0,0,0,0,2,1,0,0,0,0,0,0,1,0,,,,,0
"Ricotta (Goat)",Dairy,171279,150,9,4,11,0.04,12,0.4,0.4,11,0,3.5,200,120,100,1.1,0,110,0.2,0.2,2,1,0,,,,,0
"Roasted Cherry Tomato (Base)","Base Ingredient",,50.46,0.94,4.2,3.78,0.1019,15.8365,0,0.6066,12.8483,1.4384,2.4834,20.0758,234.9905,188.6801,0.2156,14.1351,41.9052,1.0735,0,0,1,1,"Cherry Tomatoes (400g) | Olive Oil (Extra Virgin) (15g) | Oregano (2g) | Sea Salt (2g) | Thyme (Fresh) (3g)","Slow-roasted, herb-infused sweet cherry tomatoes concentrated in flavor with clean fats.","Step 1: Preheat oven to 180°C.\nStep 2: Toss cherry tomatoes with extra virgin olive oil, oregano, thyme, and sea salt.\nStep 3: Spread evenly on a parchment-lined baking sheet.\nStep 4: Roast for 20-25 minutes until the skins are wrinkled and blistered.\nStep 5: Cool and store with the released cooking juices.",422,0
"Roasted Mixed Vegetables (Base)","Base Ingredient",,62.51,1.08,6.89,4.01,0.1469,24.2563,0,0.6563,22.9844,2.1375,2.5625,29.7688,275.1469,247.0156,0.2438,14.5469,173.3813,1.1094,0,0,1,1,"Butternut Squash (100g) | Eggplant (100g) | Olive Oil (Extra Virgin) (12g) | Rosemary (Fresh) (3g) | Sea Salt (2g) | Thyme (Fresh) (3g) | Zucchini (100g)","Roasted koosa, eggplant, and butternut squash with sea salt, rosemary, and thyme.","Step 1: Preheat oven to 200°C and line a tray with parchment paper.\nStep 2: Dice koosa, eggplant, and butternut squash into 2–3 cm cubes.\nStep 3: Toss with olive oil, sea salt, rosemary, and thyme until evenly coated.\nStep 4: Spread in a single layer and roast 25–30 minutes until tender and golden at the edges.\nStep 5: Serve warm as a side or fold into mains.",320,0
"Roasted Red Bell Peppers (Base)","Base Ingredient",,60.07,1.04,6.36,3.5,0.2825,45.6032,0,0.6667,13.6921,2.3492,4.0286,18.3968,213.2159,250.1778,0.3079,121.6349,150.1492,2.1016,0,0,1,1,"Bell Pepper (Red) (300g) | Black Pepper (1g) | Olive Oil (Extra Virgin) (10g) | Oregano (2g) | Sea Salt (2g)","Two roasted red bell peppers with oregano — sub-base for marinara and tomato sauces.","Step 1: Halve the red bell peppers and remove seeds and stems.\nStep 2: Toss with olive oil, oregano, sea salt, and black pepper.\nStep 3: Roast at 200°C until charred and tender (25–30 min).\nStep 4: Cool, peel if desired, and reserve the flesh and any juices.",315,1
Rocca,Vegetables,,25,2.6,3.7,0.7,0.1,97,0,1.5,47,1.6,2.1,160,369,27,0.5,15,119,0.4,0,0,1,0,,"Fresh, peppery green rocca leaves (arugula) rich in Vitamin K and calcium for clean salad bases.",,,0
Romaine,Vegetable,169249,17,1.2,3.3,0.3,0.1,136,0,1,14,2.1,1.2,33,247,8,0.2,4,436,0.1,0,0,1,0,,,,,0
"Romaine Lettuce",Vegetable,,17,1.2,3.3,0.3,0.1,136,0,1,14,2.1,1.2,33,247,8,0.2,4,436,0.1,0,0,1,0,,,,,0
"Rosemary (Fresh)",Spices,172239,131,3.3,20.7,5.9,0.34,109,0,6.7,91,14.1,0,317,668,26,0.9,21.8,156,0.7,0,0,1,0,,,,,0
"Rosemary Garlic Chicken (Base)","Base Ingredient",,234.87,28.45,3.86,11.64,0.8133,10.0533,0.36,1.7467,42.96,1.06,0.4467,45.92,378.1933,683.0533,1.3533,5.5867,12.66,1.58,0.12,10.08,1,1,"Black Pepper (1g) | Chicken Breast (180g) | Dijon Mustard (10g) | Garlic (Raw) (8g) | Lemon Juice (12g) | Olive Oil (Extra Virgin) (12g) | Rosemary (Fresh) (5g) | Sea Salt (2g)","Premium grilled chicken breast marinated with garlic, rosemary, Dijon mustard, and lemon.","Step 1: Mince the garlic and finely chop the rosemary leaves.\nStep 2: Whisk olive oil, lemon juice, Dijon mustard, garlic, rosemary, salt, and pepper into a marinade.\nStep 3: Rub the marinade evenly over the chicken breast and rest at least 15 minutes.\nStep 4: Sear on a hot grill or heavy skillet for 5–6 minutes per side until charred and the internal temperature hits 74°C.\nStep 5: Rest for 5 minutes before slicing.",150,0
Saffron,Spices,171328,310,11.4,65.4,5.9,1.01,93,0,11.1,264,3.9,0,111,1724,148,1.1,80.8,27,0,0,0,1,0,,,,,0
"Saffron Rice (Base)","Base Ingredient",,127.14,2.54,28.07,0.25,0.0571,3.2143,0,0.2875,9.6464,0.4643,0.0357,5.8,41.0786,140.9214,0.3929,0,0,0,0,0,1,1,"Basmati White (200g) | Sea Salt (2g) | Water (Filtered) (400g)","Fragrant, bright yellow steamed basmati rice infused with a premium pinch of genuine saffron and balanced with a clean hint of fresh lemon citrus.","Step 1: Rinse white basmati rice thoroughly under cold water, then soak it overnight in plenty of cold filtered water. (Soak overnight for better nutrient absorption by deactivating phytic acid, to improve digestibility, remove bitterness, and to reduce cooking time.)\nStep 2: Drain the soaked rice and rinse briefly.\nStep 3: Combine drained rice, filtered water, a good pinch of saffron, half a lemon shell, and a pinch of sea salt in a small saucepan.\nStep 4: Cover tightly and bring to a boil, then reduce heat to low and steam until fluffy, stirring occasionally.\nStep 5: Remove lemon shell before serving.",560,0
"Saffron Threads",Spices,,310,11.4,65.4,5.9,1.01,93,0,11.1,264,3.9,0,111,1724,148,1.1,80.8,27,0,0,0,0.4,0,,"Premium local saffron stigma threads","Genuine local saffron for golden color and luxury aroma.",,0
"Sage (Dried)",Spices,171327,315,10.6,60.7,12.7,2.69,274,0,28.1,428,40.3,1.7,1652,1070,11,4.7,32.4,295,7.5,0,0,1,0,,,,,0
Salmon,Protein,173686,208,20.4,0,13.4,0.6,26,3.2,0.3,27,0,0,9,363,59,0.4,0,12,1.1,11,1.5,1,0,,,,,0
"Salmon (Raw)",Proteins,175167,208,20.4,0,13.4,0.64,26,3.2,0.3,27,0,0,9,363,59,0.4,0,12,1.1,11,1.5,1,0,,,,,0
"Salmon (Raw)",Proteins,5407,208,20,0,13,8.85,112.9,11.2,3.37,196.85,0,0,0,0,0,0,0,0,0,0,0,1.09,0,,,,,0
"Sardines (Canned)",Proteins,175139,208,24.6,0,11.5,0.17,10,8.9,2.9,39,0,0,382,397,307,1.3,0,32,2,4.8,1.5,1,0,,,,,0
Sauerkraut,Pantry,169279,19,0.9,4.3,0.1,0.13,24,0,1.5,13,2.9,1.8,30,170,661,0.2,14.6,2,0.1,0,0,1,0,,"Fermented cabbage — vitamin C and fiber; sodium-capped in nutrient-dense meals.",,,0
"Sauerkraut (Base)","Base Ingredient",,19,0.9,4.3,0.1,0.13,24,0,1.5,13,2.9,1.8,30,170,720,0.2,14.6,2,0.1,0,0,1,1,,"Homemade fermented cabbage with fennel seeds — tart, probiotic, and packed in its own brine.","Step 1: Shred 2 kg cabbage, wash well, and massage with 50 g sea salt until the cabbage releases its liquid.\nStep 2: Stir in 20 g fennel seeds.\nStep 3: Pack tightly into a clean jar, pressing the cabbage under its own brine.\nStep 4: Seal the jar and ferment in a cool place for 3 weeks until tart.\nStep 5: Each day, open the jar to release gases, press the vegetables back under the brine, and seal tightly again.",,0
"Sauteed Mint Basil Koosa (Base)","Base Ingredient",,75.02,1.46,3.76,6.54,0.1907,32.6289,0,0.9897,25.0619,1.5155,1.9588,45.1546,268.6907,408.5825,0.3814,17.6907,44.5361,1.0309,0,0,1,1,"Fresh Basil (15g) | Fresh Mint (15g) | Olive Oil (Extra Virgin) (12g) | Sea Salt (2g) | Zucchini (150g)","Pan-seared koosa rounds tossed with fresh hand-torn mint and basil leaves","Step 1: Sauté uniform koosa squash coins in extra virgin olive oil over medium-high heat until skin edges char and turn deep golden.\nStep 2: Remove from heat source and fold fresh soft mint and sweet basil leaves directly over the hot squash matrix.",194,0
"Scaled Rice",Vegetables,,330.52,28.53,101.9,26.63,9.67,315.34,4.26,4.36,111.59,0,0,0,0,0,0,0,0,0,0,0,0.82,0,,,,,0
"Sea Salt",Pantry,,0,0,0,0,0,0,0,0.3,1,0,0,24,2,38758,0.1,0,0,0,0,0,1,0,,,,,0
"Seaweed (Nori)",Vegetables,170487,35,5.8,5.1,0.3,0.15,146,0,1.1,20,0.3,0.5,70,356,48,1.1,3,260,1,0,0,1,0,,,,,0
"Sesame Oil",Fats,171415,884,0,0,100,0,0,0,0,0,0,0,0,0,0,0,0,0,1.4,0,0,1,0,,,,,0
"Sesame Seeds",Fats/Nuts,170155,573,17.7,23.5,49.7,0.79,97,0,14.6,351,11.8,0.3,975,468,11,7.8,0,1,0.3,0,0,1,0,,,,,0
Shallots,Vegetables,170000,72,2.5,16.8,0.1,0.35,60,0,1.2,21,3.2,7.9,37,334,12,0.4,8,6,0,0,0,1,0,,,,,0
"Shawarma Spice Blend",Spices,,300,10,55,10,0.3,15,0,12,180,12,0,300,900,50,3,0,0,0,0,0,0.55,0,,"Levant shawarma spice mix","A clean aromatic blend of cumin, allspice, garlic, and cinnamon.",,0
"Shrimp (Raw)",Proteins,,85,20.1,0,0.5,0.11,2,1.3,0.5,37,0,0,70,259,111,1.1,2.2,54,1.9,0.1,1.5,1,0,,"Raw wild-caught clean shrimp","Premium lean marine protein element.",,0
Sirloin,Protein,170201,244,26.5,0,15.3,0.4,7,2.1,1.9,22,0,0,7,342,54,4.8,0,0,0.2,0,1.5,1,0,,,,,0
"Slaw (Base)","Base Ingredient",,32.47,1.14,7.62,0.19,0.1741,17.085,0,0.6154,13.8543,2.1822,3.83,38.5749,253.5992,353.0607,0.1862,36.5263,304.4534,0.2874,0,0,1,1,"Cabbage (Purple) (150g) | Carrots (80g) | Red Wine Vinegar (15g) | Sea Salt (2g)","Simple shredded cabbage and carrot slaw.","Step 1: Finely shred the purple cabbage and grate the carrots.\nStep 2: Toss together with vinegar and sea salt until combined.",247,0
"Smashed White Beans (Base)","Base Ingredient",,124.48,3.45,10.11,8.24,0.0847,33.7581,0,1.3589,23.8065,2.2379,0.2903,42.7016,173.6694,440.1895,0.5121,3.6008,0.1694,1.1774,0,0,1,1,"Black Pepper (1g) | Cooked Cannellini Beans (Base) (200g) | Garlic (Raw) (10g) | Lemon Juice (15g) | Olive Oil (Extra Virgin) (20g) | Sea Salt (2g)","Silky white beans slowly simmered and infused with garlic and olive oil emulsion.","Step 1: Rinse dried cannellini beans thoroughly under cold water, then soak overnight in plenty of cold filtered water. (Soak overnight for better nutrient absorption by deactivating phytic acid, to improve digestibility, and to reduce cooking time.)\nStep 2: Drain and rinse soaked beans.\nStep 3: Place soaked beans in a large pot with fresh filtered water; bring to a boil, then reduce heat to a very low simmer for 60 minutes.\nStep 4: Once bean bodies are perfectly tender, remove from heat and drain out excess liquid.\nStep 5: Stir in sautéed garlic, sea salt, black pepper, and fresh lemon juice while the beans are hot.\nStep 6: Stream extra virgin olive oil slowly into the pot while folding gently; smash 20% of the bean base with a wooden mallet to finish.",248,0
"Smoked Paprika",Spices,,282,14.1,54,13,2.1,49,0,23.6,178,37.4,10.3,177,2280,34,4.3,0,2460,30,0,0,1,0,,"Deeply aromatic Spanish smoked paprika.",,,0
"Sorghum Flour",Grains,169715,359,8.4,76.6,3.3,0.44,20,0,3.4,134,6.6,1.9,13,350,2,2.1,0,0,0.5,0,0,1,0,,,,,0
"Soy Sauce",Condiments,174277,53,8.1,4.9,0.1,0.2,18,0,1.5,40,0.8,0.4,33,435,5493,0.4,0,0,0,0,0,1.2,0,,,,,1
"Spiced Aleppo Ground Beef (Base)","Base Ingredient",,248,21.4,4.2,16.5,0.28,12,1.9,2.4,25,1.1,1.8,24,312,285,4.8,2.1,38,0.6,0,1.5,1,1,,"Warm pan-seared ground beef heavily aromatic with Aleppo pepper and warm Levant spices","1. Heat olive oil in a wide skillet. Add diced red onions and sauté for 5 minutes. 2. Add ground beef, breaking it up fine. 3. Shake all spices evenly over the meat. 4. Cook for 8 to 10 minutes until fully browned.",,0
"Spiced Lemon Dressing (Base)","Base Ingredient",,440.89,1.2,6.43,47.48,0.0741,6.537,0,3.3148,22.1667,1.463,1.4444,45.5556,168.9444,726.1667,0.3148,18.2037,48.6481,7.4074,0,0,1,1,"Black Pepper (0.5g) | Cumin Seeds (2g) | Lemon Juice (25g) | Olive Oil (Extra Virgin) (25g) | Sea Salt (1g) | Smoked Paprika (1g)","Cumin and lemon dressing for roasted vegetable salads.","Step 1: Whisk olive oil, lemon juice, cumin, paprika, salt, and pepper.\nStep 2: Use half to roast vegetables and half to finish the salad.",54,0
"Spicy Green Chilli Sauce (Base)","Base Ingredient",,248.55,2.61,10.35,23.56,0.2478,42.0442,0,3.6018,37.2743,3.3009,1.4336,93.9558,378.4159,711.2566,0.7168,50.1416,165.5133,4.4071,0,0,1,1,"Black Pepper (1g) | Chili Flakes (2g) | Coriander Seeds (2g) | Cumin Seeds (2g) | Fresh Coriander (20g) | Fresh Parsley (20g) | Garlic (Raw) (10g) | Green Cardamom (1g) | Lemon Juice (20g) | Olive Oil (Extra Virgin) (25g) | Red Chili (8g) | Sea Salt (2g)","A vibrant, fiery green condiment blended with fresh herbs, garlic, citrus, and toasted spices.","Step 1: Toast black peppercorns, cumin seeds, coriander seeds, and cardamom seeds in a dry pan until fragrant, then grind.\nStep 2: In a high-speed blender, combine the ground spices, sea salt, cilantro, parsley, chopped green chiles, dried chiles, crushed garlic, and lemon juice.\nStep 3: Stream in extra virgin olive oil slowly while blending until a uniform sauce forms.",113,0
Spinach,"Vegetables and Vegetable Products",,23,2.9,3.6,0.4,0.19,194,0,2.7,79,2.2,0.4,99,558,79,0.53,28.1,469,2,0,0,1,0,,,,,0
"Spinach (Fresh)",Vegetables,168462,23,2.9,3.6,0.4,0.2,194,0,2.7,79,2.2,0.4,99,558,79,0.5,28.1,469,2,0,0,1,0,,,,,0
"Split Peas",Legumes,172428,118,8.3,21.1,0.4,0.2,65,0,1.3,36,8.3,2.9,14,362,2,1,0.4,0,0,0,0,0.8,0,,,,,1
"Spring Onion",Vegetables,170010,32,1.83,7.34,0.19,0.06,64,0,1.48,20,2.6,2.3,72,276,16,0.39,18.8,50,0.55,0,0,1,0,,,,,0
Sriracha,Pantry,1104883,100,2.1,19,1.2,0.15,5,0,0.8,15,2.3,16,22,230,2340,0.4,35,50,0.5,0,0,1,0,,,,,0
"Star Anise",Spices,171321,337,17.6,50,15.9,0,0,0,37,170,14.6,0,646,1441,16,4.4,21,15,0,0,0,1,0,,,,,0
"Steamed Basmati Rice (Base)","Base Ingredient",,118.27,2.36,26.11,0.23,0.0532,2.99,0,0.2658,8.9734,0.4319,0.0332,5.3953,38.2126,131.0897,0.3654,0,0,0,0,0,1,1,"Basmati White (100g) | Sea Salt (1g) | Water (Filtered) (200g)","Perfectly fluffy, clean-steamed white basmati rice lightly seasoned with mineral-rich sea salt.","Step 1: Rinse white basmati rice thoroughly under cold water, then soak it overnight in plenty of cold filtered water. (Soak overnight for better nutrient absorption by deactivating phytic acid, to improve digestibility, remove bitterness, and to reduce cooking time.)\nStep 2: Drain the soaked rice and rinse briefly.\nStep 3: In a heavy-bottomed pot, bring filtered water and sea salt to a rolling boil.\nStep 4: Stir in the drained basmati rice, reduce the heat to low, cover tightly with a lid, and let it simmer undisturbed for 12–15 minutes.\nStep 5: Remove the pot from the heat source and let it sit covered for an additional 5 minutes to complete steam absorption.\nStep 6: Uncover, fluff gently with a fork, and scale per portion allocation.",301,0
Strawberries,Fruits,171730,32,0.7,7.7,0.3,0.05,24,0,0.4,13,2,4.9,16,153,1,0.1,58.8,1,0.3,0,0,1,0,,,,,0
Sumac,Spices,,250,5,40,10,0,0,0,40,120,20,0,300,500,50,1.5,40,20,0,0,0,1,0,,,,,0
"Sumac Za'atar Dressing (Base)","Base Ingredient",,648.89,1.19,8,69.95,0.0685,5.9315,0,4.0411,23.0548,3.0548,0.4521,74.1507,109.1096,1121.6438,0.3562,11.0822,13.9315,10.2329,0,0,1,1,"Black Pepper (1g) | Garlic (Raw) (2g) | Lemon Juice (10g) | Olive Oil (Extra Virgin) (50g) | Sea Salt (2g) | Sumac (4g) | Za'atar (5g)","Levantine dressing with sumac, za'atar, lemon, and olive oil.","Step 1: Whisk olive oil, lemon juice, garlic, sumac, za'atar, salt, and pepper.\nStep 2: Rest 10 minutes before tossing with salad.",73,0
"Sun-dried Tomato",Vegetables,170459,258,14.1,55.8,3,0.49,68,0,9.1,194,12.3,37.6,110,3427,107,2,39.2,44,0,0,0,1,0,,,,,0
"Sunflower Seeds",Fats/Nuts,170562,584,20.8,20,51.5,1.35,227,0,5.3,325,8.6,2.6,78,645,9,5,1.4,3,35.2,0,0,1,0,,,,,0
"Sushi Rice",Grains,1104385,130,2.4,28.5,0.2,0.04,3,0,0.1,3,0.4,0.1,2,20,1,0.4,0,0,0,0,0,1,0,,,,,0
"Sweet Potato",Vegetables,168482,86,1.6,20.1,0.1,0.21,11,0,0.6,25,3,4.2,30,337,55,0.3,2.4,709,0.3,0,0,1,0,,,,,0
Tahini,Fats/Nuts,168591,595,17,21.2,53.8,0.15,98,0,9,95,9.3,0.5,426,414,115,4.6,0,3,0.3,0,0,1,0,,,,,0
"Tahini Miso Garlic Ginger Rice Vinegar Dressing (Base)","Base Ingredient",,279.75,8.93,15.41,22.4,0.16,41.624,0,4.616,51.088,4.92,0.992,190.36,252.608,495.6,2.36,1.496,1.68,0.136,0,0,1,1,"Garlic (Raw) (6g) | Ground Ginger (4g) | Miso (15g) | Rice Vinegar (20g) | Tahini (50g) | Water (Filtered) (30g)","Creamy tahini dressing loosened with rice vinegar, miso, garlic, and ginger.","Step 1: Whisk tahini with rice vinegar until loosened.\nStep 2: Whisk in miso paste, grated garlic, and grated ginger until smooth.\nStep 3: Thin with filtered water to a pourable consistency.",125,0
Tamari,Condiment,174276,60,10,2,0,0.4,0,0,0.4,4,0,1,20,212,5600,0,0,0,0,0,0,1.2,0,,"Premium gluten-free Japanese tamari soy sauce.",,,0
"Tamari Sauce",Condiments,,60,10,5,0,0.2,0,0,1.4,20,0,0,20,200,5500,0.8,0,0,0,0,0,1.15,0,,"Gluten-free tamari soy sauce","Traditional naturally fermented gluten-free soy sauce.",,0
"Tamarind Paste",Pantry,169310,239,2.8,62.5,0.6,0.07,14,0,2.8,92,5.1,57.4,74,628,28,0.1,3.5,2,0.1,0,0,1,0,,,,,0
"Tandoori Chicken (Base)","Base Ingredient",,173.35,20.91,4.13,8.26,0.595,6.5525,0.2625,1.9375,35.155,1.18,1.1475,32.3025,317.8725,193.3425,1.0925,3.975,35.85,1.2575,0.0875,7.35,1,1,"Chicken Breast (350g) | Coconut Milk (30g) | Garlic (Raw) (8g) | Lemon Juice (15g) | Olive Oil (Extra Virgin) (15g) | Tandoori Spice Mix (Base) (25g)","Tandoori-marinated chicken breast using house tandoori spice mix, lemon, and coconut.","Step 1: Coat chicken evenly with Tandoori Spice Mix (Base), lemon juice, coconut milk, and olive oil.\nStep 2: Marinate at least 4 hours or overnight.\nStep 3: Grill or pan-sear until golden then bake in the oven for 20 minutes exactly.\nStep 4: Rest and slice.",400,0
"Tandoori Coconut Mint Dressing (Base)","Base Ingredient",,256.03,2.38,10.27,24.7,0.1,29.7444,0,3.4667,40.8444,3.7444,2.8667,69.2889,317.3556,193.0778,0.6889,13.9444,78.9667,2.6556,0,0,1,1,"Coconut Milk (40g) | Fresh Mint (15g) | Lime Juice (15g) | Olive Oil (Extra Virgin) (12g) | Tandoori Spice Mix (Base) (8g)","Cool coconut mint dressing with tandoori spice.","Step 1: Finely chop mint and coconut.\nStep 2: Whisk with lime juice, olive oil, and tandoori spice.\nStep 3: Marinate chicken in half, then dress the salad with the rest.",90,0
"Tandoori Lime Dressing (Base)","Base Ingredient",,445.37,1.14,8.8,46.85,0.1385,6.0154,0,1.4769,13.9385,1.6769,1.8615,33.4615,150.1385,786.3385,0.2615,15.4769,45.5231,7.3692,0,0,1,1,"Garlic (Raw) (3g) | Lime Juice (25g) | Olive Oil (Extra Virgin) (30g) | Sea Salt (1g) | Tandoori Spice Mix (Base) (6g)","Smoky tandoori lime dressing for chicken salads.","Step 1: Whisk lime juice, olive oil, and tandoori spice.\nStep 2: Marinate chicken in half the dressing, then use the rest to finish the salad.",65,0
"Tandoori Salmon (Base)","Base Ingredient",,221.84,17.11,3.44,15.48,0.5726,23.6237,2.5806,1.1559,30.9462,1.0134,0.9919,23.1102,372.6855,158.164,0.5081,3.3091,36,1.664,8.871,1.2097,1,1,"Coconut Milk (25g) | Garlic (Raw) (5g) | Lemon Juice (12g) | Olive Oil (Extra Virgin) (10g) | Salmon (Raw) (300g) | Tandoori Spice Mix (Base) (20g)","Tandoori-marinated salmon fillet with house spice mix and citrus.","Step 1: Rub salmon with Tandoori Spice Mix (Base), lemon juice, coconut milk, and olive oil.\nStep 2: Marinate 30–60 minutes.\nStep 3: Grill or bake at 200°C until just cooked through. Rest briefly before serving.",372,0
"Tandoori Spice Mix",Spices,,318,11,54,12,0.38,18,0,14,170,28,1.5,700,1050,48,3.8,18,90,2.2,0,0,0.52,0,,"Bold aromatic Northern Indian spice blend","Clean whole spice tandoori rub matrix.",,0
"Tandoori Spice Mix (Base)","Base Ingredient",,226.22,7.48,44.67,6.91,0.6724,22.069,0,12.0862,113.2759,15.3966,12.569,225.5,995.6552,2032.2414,2.2069,27.0517,488.9828,6.931,0,0,1,1,"Anise Seeds (2g) | Black Pepper (2g) | Black Tamarind (Dried) (5g) | Brown Cardamom (3g) | Cane Sugar (2g) | Cinnamon (2g) | cumin powder (3g) | Garlic Powder (3g) | Green Papaya Juice (15g) | Ground Ginger (3g) | Kashmiri Chili Powder (5g) | Mace (2g) | Paprika (8g) | Sea Salt (3g)","Authentic tandoori masala paste with kashmiri chili, green papaya juice, black tamarind, and warm whole spices.","Step 1: Lightly toast brown cardamom, anise seeds, and cumin powder in a dry pan until fragrant.\nStep 2: Grind with paprika, kashmiri chili, garlic powder, ginger powder, cinnamon, mace, cane sugar, salt, and pepper.\nStep 3: Work in green papaya juice and black tamarind until a thick rub forms.\nStep 4: Use for all tandoori chicken and fish marinades.",58,0
"Tapioca Starch",Grains,,358,0.2,88.7,0,0,0,0,1.6,1,0.9,3.4,20,11,1,0,0,0,0,0,0,1,0,,,,,0
Tarragon,Spices,172240,295,22.8,50.2,7.2,2.41,274,0,32.3,347,7.1,0,1139,3020,62,3.9,50,210,0,0,0,1,0,,,,,0
"Tea (Green/Black)",Liquids,171917,1,0.2,0,0,0.01,5,0,0,2,0,0,0,21,3,0,0,0,0,0,0,1,0,,,,,0
Tempeh,Proteins,174272,192,20.3,7.6,10.8,0.3,52,0.1,2.7,81,0,0,111,412,9,1.1,0,0,0,0,0,1,0,,,,,0
"Test Export",Proteins,,345.71,43.53,106.43,53.55,3.39,132.52,3,17.37,64.15,0,0,0,0,0,0,0,0,0,0,1.5,0.7,0,,,,,0
"Thai Peanut Dressing (Base)","Base Ingredient",,248.04,9.02,10.58,20.91,0.2039,27.6602,0,0.7767,55.9709,2.8738,3.5728,26.1456,268.6214,327.4369,0.932,8.1942,0.2427,3.1942,0,0,1,1,"Garlic (Raw) (3g) | Lime Juice (25g) | Peanut Butter (35g) | Sesame Oil (4g) | Tamari Sauce (6g) | Water (Filtered) (30g)","Creamy peanut lime dressing for slaws and rainbow salads.","Step 1: Whisk peanut butter with lime juice until smooth.\nStep 2: Thin with water to a pourable consistency.\nStep 3: Toss with prepared vegetables.",103,0
"Thai basil",Herbs,,23,3.2,2.7,0.6,0.2,68,0,3.2,64,1.6,0.3,177,295,4,0.8,18,264,0.8,0,0,1,0,,,,,0
Thyme,Herbs,,276,9.1,63.9,7.4,0.35,56,0,123.6,220,37,0,1890,814,55,5.5,50,380,0,0,0,1,0,,"Dried thyme leaves — earthy herb for rubs, roasts, and spice blends.",,,0
"Thyme (Fresh)","Vegetables / Herbs",170940,101,5.6,24.5,1.7,0.3,45,0,17.5,160,14,0,405,609,9,1.8,160,238,0,0,0,1,0,,"Fresh sprigs of thyme, deeply aromatic and wood-sy.",,,0
"Tofu (Firm)",Proteins,172448,83,10,2.3,4.8,0.08,15,0,1.6,58,1,0.6,350,148,9,1.1,0,9,0.1,0,1.5,1,0,,,,,0
"Tomato (Raw)",Vegetables,170457,18,0.9,3.9,0.2,0.08,15,0,0.3,11,1.2,2.6,10,237,5,0.2,13.7,42,0.5,0,0,1,0,,,,,0
"Tomato Paste",Pantry,170458,82,4.3,18.9,0.5,0.22,15,0,3,35,4.1,11.3,36,1014,59,0.6,21.9,76,4.3,0,0,1,0,,,,,0
"Tomato Sauce",Pantry,170054,29,1.3,6.6,0.2,0.05,9,0,0.6,12,1.5,4.2,8,200,350,0.2,6,15,0.5,0,0,1,0,,,,,0
"Tuna (Canned)",Proteins,171986,116,25.5,0,0.8,0.35,2,2.5,1.5,27,0,0,11,237,338,0.7,0,19,0.7,1.7,1.5,1,0,,,,,0
Turmeric,Spice,,312,9.7,67.1,3.3,0.1,39,0,55,193,22.7,3.2,168,2080,27,4.5,0.7,0,3.1,0,0,1,0,,,,,0
"Turmeric (Ground)",Spices,,312,9.7,67.1,3.3,1.8,39,0,55,193,22.7,3.2,168,2080,27,4.5,25.9,0,3.1,0,0,1,0,,,,,0
"Turmeric Chicken (Base)","Base Ingredient",,166.04,28.35,4.93,3.29,0.8,6.6667,0.36,2.8933,42.5333,1.0267,0.2467,36.82,403.2067,607.7933,1.4067,2.4667,7.26,0.4667,0.12,10.08,1,1,"Chicken Breast (180g) | Garlic (Raw) (8g) | Ginger (Raw) (6g) | Lemon Zest (3g) | Sea Salt (2g) | Turmeric (4g) | White Peppercorns (1g)","Chicken breast marinated with turmeric, ginger, garlic, lemon zest, sea salt, and white pepper.","Step 1: Mince garlic and grate ginger.\nStep 2: Mix turmeric, lemon zest, sea salt, and white pepper with the aromatics.\nStep 3: Rub evenly over the chicken breast and rest at least 15 minutes.\nStep 4: Grill or pan-sear until golden, then bake for 20 minutes exactly.\nStep 5: Rest and slice.",150,0
"Turmeric Lemon Dressing (Base)","Base Ingredient",,433.58,0.98,7.96,45.73,0.1636,6.7455,0,2.5091,13.6,1.3091,1.3091,23.6364,156.9091,708.1455,0.2909,20.2364,0.7091,6.7273,0,0,1,1,"Black Pepper (0.5g) | Garlic (Raw) (3g) | Lemon Juice (25g) | Olive Oil (Extra Virgin) (25g) | Sea Salt (1g) | Turmeric (Ground) (2g)","Bright turmeric-lemon dressing with garlic, ginger, and sea salt.","Step 1: Mince garlic and whisk with olive oil, lemon juice, turmeric, salt, and pepper.\nStep 2: Use half to marinate chicken and half to dress the salad.",55,0
"Turmeric Powder","Spices / Pantry",,312,9.7,67.1,3.3,1.8,39,0,55,208,22.7,3.2,168,2080,27,4.7,0.7,0,4.4,0,0,1,0,,"Pure ground turmeric root powder, vibrant yellow and deeply anti-inflammatory.",,,0
"Turmeric Rice (Base)","Base Ingredient",,119.55,2.41,26.38,0.25,0.0644,3.2277,0,0.6287,10.2871,0.5792,0.0545,6.4686,51.6898,130.4026,0.3944,0.005,0,0.0297,0,0,1,1,"Basmati White (200g) | Sea Salt (2g) | Turmeric Powder (4g) | Water (Filtered) (400g)","Bright, golden-hued long grain basmati rice steamed with aromatic ground turmeric root and balanced with sea salt.","Step 1: Rinse white basmati rice thoroughly under cold water, then soak it overnight in plenty of cold filtered water. (Soak overnight for better nutrient absorption by deactivating phytic acid, to improve digestibility, remove bitterness, and to reduce cooking time.)\nStep 2: Drain the soaked rice and rinse briefly.\nStep 3: In a small saucepan, combine the drained rice, filtered water, ground turmeric powder, and sea salt, stirring once to distribute the golden spice evenly.\nStep 4: Bring the pot to a rolling boil over high heat, then immediately reduce the heat to low, cover with a tight-fitting lid, and let steam undisturbed for 15 minutes until fluffy.",606,0
Turnip,Vegetables,170465,28,0.9,6.4,0.1,0.07,15,0,0.3,11,1.8,3.8,30,191,67,0.27,21,0,0,0,0,1,0,,"Fresh turnip root — mild and crisp for roasts, ferments, and stews.",,,0
"Vanilla Extract",Pantry,172246,288,0.1,12.7,0.1,0.03,0,0,0.1,12,0,12.7,11,148,9,0.1,0,0,0,0,0,1,0,,,,,0
"Vanilla Pods",Spices,171449,288,0.06,12.65,0.06,0.03,0,0,0.12,12,0,12.65,11,148,9,0.11,0,0,0,0,0,1,0,,,,,0
"Vegan Worcestershire Sauce",Condiment,,78,0,19,0,0,0,0,0,0,0,11,0,0,980,0,0,0,0,0,0,1.15,0,,"Gluten-free, plant-based savory Worcestershire sauce.",,,0
"Vegetable Broth (Base)","Base Ingredient",,10.62,0.35,2.4,0.09,0.0407,8.6013,0,0.2651,5.4844,0.7219,0.87,16.6855,79.7553,156.1111,0.0755,4.1162,100.1409,0.1155,0,0,1,1,"Black Pepper (2g) | Carrots (150g) | Celery (100g) | Fresh Parsley (20g) | Garlic (Raw) (10g) | Rosemary (Fresh) (5g) | Sea Salt (5g) | Thyme (Fresh) (5g) | Water (Filtered) (1000g) | White Onion (80g)","A rich, clear vegetable reduction broth made entirely from whole foods and aromatic herbs.","Step 1: Roast vegetables lightly.\nStep 2: Combine all ingredients in a stainless steel stockpot with filtered water.\nStep 3: Simmer on low heat for 4 hours.\nStep 4: Strain through fine mesh and cool immediately.",1377,0
"Vegetable Stock",Liquids,1104104,5,0.3,1,0,0.01,1,0,0.1,2,0.1,0.5,5,37,350,0,0,14,0,0,0,1,0,,,,,0
"Walnut Oil",Fats,1103859,884,0,0,100,0,0,0,0,0,0,0,0,0,0,0,0,0,0.4,0,0,1,0,,,,,0
Walnuts,Fats/Nuts,170187,654,15.2,13.7,65.2,0.54,98,0,2.9,158,6.7,2.6,98,441,2,3.1,1.3,1,0.7,0,0,1,0,,,,,0
"Wasabi (Paste)",Spices,1103608,292,2.2,46.1,10.9,0.11,10,0,1,35,6.1,7.9,128,420,2500,0.5,5,0,0,0,0,1,0,,,,,0
"Water (Filtered)",Liquids,1103001,0,0,0,0,0,0,0,0,1,0,0,3,0,1,0,0,0,0,0,0,1,0,,,,,0
Watermelon,Fruits,167765,30,0.6,7.6,0.2,0.05,3,0,0.2,10,0.4,6.2,7,112,1,0.1,8.1,28,0.1,0,0,1,0,,,,,0
"Wheat Flour",Grains,169741,364,10.3,76.3,1,0.04,26,0,1.2,22,2.7,0.3,15,107,2,0.7,0,0,0.1,0,0,1,0,,,,,0
"Whey Protein Isolate",Proteins,1610,110,25,1,0.5,7.67,195.83,1.53,3.7,278.99,0,0,0,0,0,0,0,0,0,0,0,1.95,0,,,,,0
"Whey Protein Isolate",Proteins,7962,110,25,1,0.5,6.3,247.41,0.97,8.42,134.9,0,0,0,0,0,0,0,0,0,0,0,0.6,0,,,,,0
"Whey Protein Isolate",Proteins,,110,25,1,0.5,8.71,247.3,16.31,17.23,74.5,0,0,0,0,0,0,0,0,0,0,0,1.13,0,,,,,0
"Whey Protein Isolate",Proteins,,110,25,1,0.5,4.1,122.35,9.28,14.46,100.62,0,0,0,0,0,0,0,0,0,0,0,2.16,0,,,,,0
"Whey Protein Isolate",Proteins,,110,25,1,0.5,7.63,300.13,17.99,18.99,273.16,0,0,0,0,0,0,0,0,0,0,0,2.07,0,,,,,0
"Whey Protein Isolate",Proteins,2333,110,25,1,0.5,9.31,433.24,16.22,16.94,243.04,0,0,0,0,0,0,0,0,0,0,0,0.27,0,,,,,0
"Whey Protein Isolate",Proteins,7150,110,25,1,0.5,7.68,409.4,10.78,9.04,140.61,0,0,0,0,0,0,0,0,0,0,0,0.26,0,,,,,0
"Whey Protein Isolate",Proteins,,110,25,1,0.5,4.9,325.15,15.2,1.83,14.24,0,0,0,0,0,0,0,0,0,0,0,1.39,0,,,,,0
"Whey Protein Isolate",Proteins,,110,25,1,0.5,2.69,473.09,5.25,3.9,196.39,0,0,0,0,0,0,0,0,0,0,0,2.15,0,,,,,0
"Whey Protein Isolate",Proteins,,110,25,1,0.5,0.28,418.95,2.69,11.98,182.64,0,0,0,0,0,0,0,0,0,0,0,1.75,0,,,,,0
"Whey Protein Isolate",Proteins,6104,110,25,1,0.5,0.21,204.7,12.25,14.71,290.41,0,0,0,0,0,0,0,0,0,0,0,2.58,0,,,,,0
"Whey Protein Isolate",Proteins,,110,25,1,0.5,6.79,183.09,7.69,0.71,88.11,0,0,0,0,0,0,0,0,0,0,0,0.64,0,,,,,0
"Whey Protein Isolate",Proteins,9218,110,25,1,0.5,2.74,244.59,16.97,1.97,135.22,0,0,0,0,0,0,0,0,0,0,0,1.5,0,,,,,0
"Whey Protein Isolate",Proteins,5262,110,25,1,0.5,9.6,117.66,2.53,0.82,94.57,0,0,0,0,0,0,0,0,0,0,0,1.99,0,,,,,0
"Whey Protein Isolate",Proteins,7388,110,25,1,0.5,2.35,323.04,19.55,7.71,272.19,0,0,0,0,0,0,0,0,0,0,0,1.72,0,,,,,0
"Whey Protein Isolate",Proteins,,110,25,1,0.5,6.48,145.72,18.76,0.37,191.27,0,0,0,0,0,0,0,0,0,0,0,1.15,0,,,,,0
"Whey Protein Isolate",Proteins,2364,110,25,1,0.5,9.53,298.71,6.59,8.67,89.7,0,0,0,0,0,0,0,0,0,0,0,2.64,0,,,,,0
"Whey Protein Isolate",Proteins,,110,25,1,0.5,3.18,310.2,13.96,2.59,25.14,0,0,0,0,0,0,0,0,0,0,0,2.24,0,,,,,0
"Whey Protein Isolate",Proteins,,110,25,1,0.5,7.4,179.14,19.57,10.93,139.7,0,0,0,0,0,0,0,0,0,0,0,2.94,0,,,,,0
"Whey Protein Isolate",Proteins,6986,110,25,1,0.5,6.22,100.41,17.24,4.06,81.65,0,0,0,0,0,0,0,0,0,0,0,1.71,0,,,,,0
"Whey Protein Isolate",Proteins,,110,25,1,0.5,4,144,6.78,13.93,94.86,0,0,0,0,0,0,0,0,0,0,0,1.27,0,,,,,0
"Whey Protein Isolate",Proteins,,110,25,1,0.5,2.12,407.82,3.77,11.4,153.75,0,0,0,0,0,0,0,0,0,0,0,2.05,0,,,,,0
"Whey Protein Isolate",Proteins,7645,110,25,1,0.5,6.74,375.98,19.82,15.93,216.9,0,0,0,0,0,0,0,0,0,0,0,0.74,0,,,,,0
"White Onion",Vegetables,170008,40,1.1,9.34,0.1,0.12,19,0,0.21,10,1.7,4.2,23,146,4,0.17,7.4,0,0.02,0,0,1,0,,,,,0
"White Peppercorns",Spices,173474,296,10.4,68.6,2.1,0.1,10,0,14.3,90,26.2,0.6,460,73,5,1.1,0,0,0,0,0,1,0,,,,,0
"Wild Rice",Grains,168916,101,4,21.3,0.3,0.14,26,0,0.6,32,1.8,0.7,3,101,3,1.3,0,0,0.2,0,0,1,0,,,,,0
"Wild Rice (Cooked)",Grains,168453,101,4,21.3,0.3,0.14,26,0,0.6,32,1.8,0.7,3,101,3,1.3,0,1,0.2,0,0,1,0,,,,,0
Worcestershire,Pantry,173468,78,0,19,0,0.05,4,0,5.3,13,0,10,80,800,980,0.1,13,10,0,0,0,1,0,,,,,0
"Yeast (Dry)",Pantry,,325,40.4,41.2,7.6,1.5,2340,0,3.3,130,26.9,0,30,1900,51,10,0.3,0,0,0,0,1,0,,,,,0
Za'atar,Spices,,280,8,45,12,0.4,60,0,18,180,22,1,650,550,800,3,40,180,5,0,0,1,0,,,,,0
"Zesty Lime Chili Salad Dressing (Base)","Base Ingredient",,435.65,0.59,5.04,47.2,0.0667,3.56,0,0.6533,9.0267,1.1867,0.8933,14.8933,115.68,1036.88,0.08,12.0267,40.48,7.5467,0,0,1,1,"Apple Cider Vinegar (10g) | Black Pepper (1g) | Chili Flakes (2g) | Lime Juice (25g) | Olive Oil (Extra Virgin) (35g) | Sea Salt (2g)","A vibrant, punchy vinaigrette matching rich extra virgin olive oil with fresh tart lime juice, crushed red pepper flakes, and a hint of cider vinegar.","Step 1: Combine the extra virgin olive oil, freshly squeezed lime juice, apple cider vinegar, crushed red pepper flakes, sea salt, and black pepper in a small bowl or sealable jar.\nStep 2: Whisk or shake vigorously until the dynamic acid and oil layers emulsify into a smooth dressing paste.",75,0
Zucchini,Vegetables,169252,17,1.2,3.1,0.3,0.22,24,0,0.4,18,1,2.5,16,261,8,0.3,17.9,10,0.1,0,0,1,0,,,,,0
"Zucchini Almond Bread (Base)","Base Ingredient",,189.55,5.85,8.73,15.62,0.11,24.9938,0.2488,1.2788,58.145,2.7125,3.4688,100.9038,228.3475,334.1625,0.8175,3.8375,65.055,5.0988,0.3825,2.65,1,1,"Almond Flour (120g) | Almond whole (30g) | Baking Powder (5g) | Baking Soda (3g) | Date Syrup (25g) | Eggs (Large) (100g) | Ghee (40g) | Psyllium Husks (12g) | Rosemary (Fresh) (3g) | Sea Salt (3g) | Thyme (Fresh) (2g) | Zucchini (150g)","Savory gluten-free zucchini almond bread with psyllium, date syrup, ghee, thyme, and rosemary.","Step 1: Preheat the oven to 180°C (350°F) and line a loaf pan with parchment.\nStep 2: Whisk the almond flour, psyllium husks, baking powder, baking soda, thyme, ground rosemary, and sea salt together in a large bowl.\nStep 3: In another bowl, whisk the eggs, melted ghee, and date syrup until smooth.\nStep 4: Fold the wet mixture into the dry ingredients. Grate and squeeze excess moisture from the zucchini, then fold in the grated zucchini and chopped almonds.\nStep 5: Transfer to the prepared pan and bake for 40 minutes until set and golden.\nStep 6: Cool completely in the pan, then slice.",800,0
"coriander powder","Spices / Pantry",,298,12.4,55,17.8,0.6,0,0,16.3,330,41.9,0,709,1267,35,4.7,21,0,0,0,0,1,0,,"Fine ground coriander seed powder, warm and mildly citrusy.",,,0
"cumin powder","Spices / Pantry",172233,375,17.8,44.2,22.3,0.4,10,0,66.4,366,10.5,2.3,931,1788,168,4.8,7.7,64,3.3,0,0,1,0,,"Fine ground cumin seed powder, deeply aromatic and earthy.",,,0
curry,"Base Ingredient",,109.28,1.55,10.71,7.76,0.04,39.8,0,1.725,14.775,1.04,0.4,42.25,159.6,9704.325,0.455,35.185,105.3,1.285,0,0,1,1,"Apple Cider Beet Marinade (Base) (100g) | Basmati Rice (White) (100g) | Fresh Parsley (100g) | Sea Salt (100g)",,,400,0
"mustard seeds","Spices / Pantry",,508,26.1,28.1,36.2,0.4,10,0,9.2,370,12.2,6.8,266,738,13,6.1,7.1,3,5.1,0,0,1,0,,"Whole mustard seeds used for tempering and sputtering in hot oil.",,,0
