meal_name,meal_type,ingredients_string,target_calories,target_protein,target_carbs,target_fat,batch_calories,batch_protein,batch_carbs,batch_fat,is_bulk,servings_count,meal_plan_tag,cycle_phase,safety_alerts,image_url,short_description,instructions
"Hummus Egg Stack",Breakfast,"Black Pepper:1 | Cherry Tomatoes:45 | Creamy Cumin Hummus (Base):100 | Cucumber:40 | Egg:100 | Olive Oil:3 | Spinach (Fresh):45",350,35,35,7.8,,,,,false,,Balanced,,"Beans, Eggs, G6PD Trigger, Nightshades, Sesame",images/meals/hummus_egg_stack.png,"Soft-boiled eggs stacked over wilted spinach and cherry tomatoes on a bed of creamy house cumin hummus.","1. Prepare Creamy Cumin Hummus (Base) per base recipe instructions. Warm and spread a generous layer in a shallow bowl.
2. Halve the cherry tomatoes. Sauté spinach and tomatoes in olive oil over medium heat until the spinach is wilted and the tomatoes are softened (3–4 min).
3. Spoon the spinach and tomato layer over the hummus.
4. Soft-boil eggs until the whites are set and yolks are jammy (6–7 min). Halve and place on top.
5. Add cucumber slices and finish with cracked black pepper. Serve immediately."
"Tamarind Honey & Sesame Chicken w Garlicky Green Beans",Meal,"Bok Choy:128 | Broccoli:60 | Chicken Breast:150 | Cucumber Pickle (Base):25 | Garlic (Raw):5 | Garlicky Green Beans (Base):100 | Ginger (Raw):5 | Honey (Raw):5 | Rice Vinegar:10 | Sea Salt:1 | Sesame Oil:9.2944 | Sesame Seeds:5 | Spring Onion:5 | Tamarind Paste:10",360,36,27,12,,,,,false,,Balanced,Luteal,"G6PD Trigger, Sesame, Soy",images/meals/tamarind_honey_sesame_chicken_green_beans.png,"Baked chicken thighs glazed in tamarind honey sauce, with garlicky green beans and broccoli.","Combine tamarind paste, honey, rice vinegar, sesame oil, crushed garlic, grated ginger, salt, and spring onion pieces in a jug.
Marinate chicken breast in the sauce overnight.
Preheat oven. Bake 25 minutes until cooked through (74°C internal).
Sprinkle chicken with finely sliced spring onion. Combine tray juices with leftover marinade and drizzle over liberally.
Serve with steamed broccoli, cucumber pickle, and Garlicky Green Beans (Base) sprinkled with sesame seeds and spring onion."
"Rosemary Garlic Chicken w Mushroom, Spinach & Roasted Sweet Potato",Meal,"Black Pepper:1 | Garlic (Raw):5 | Mushrooms:45 | Olive Oil (Extra Virgin):5 | Rosemary (Fresh):5 | Rosemary Garlic Chicken (Base):150 | Spinach (Fresh):55 | Sweet Potato:85",,,,,,,,,false,,Balanced,,,images/meals/rosemary_garlic_chicken.png,"Grilled rosemary garlic chicken with sautéed mushrooms and spinach over roasted sweet potato wedges.","1. Toss sweet potato wedges with half the olive oil, salt, and pepper. Roast at 200°C for 22–25 minutes until golden.
2. Grill or pan-sear Rosemary Garlic Chicken (Base) until golden then in the oven for 20 minutes exactly, then Rest and slice.
3. Sauté mushrooms in remaining olive oil until golden. Wilt spinach briefly in the same pan.
4. Plate roasted sweet potato, spinach, and mushrooms. Top with sliced chicken and serve warm."
"Baked Salmon with Fermented Chimichurri & Roasted Vegetables",Meal,"Broccoli:60 | Fermented Chimichurri (Base):25 | Pumpkin Seeds:7.0233 | Roasted Mixed Vegetables (Base):100 | Salmon:158",360,36,27,12,,,,,false,,Balanced,,"Fish, Nightshades",images/meals/salmon_fermented_chimichurri.png,"Premium baked salmon with fermented chimichurri over house roasted mixed vegetables and broccoli.","1. Prepare Roasted Mixed Vegetables (Base) per base recipe instructions; keep warm.
2. Coat salmon generously with Fermented Chimichurri (Base).
3. Bake at 190°C for 12–15 minutes until flaky.
4. Steam or roast broccoli until bright green and tender.
5. Plate roasted mixed vegetables and broccoli. Top with salmon, pumpkin seeds, and extra chimichurri if desired."
"Vegan Butternut Squash, Lentil & Peanut Stew w Brown Rice",Meal,"Bell Pepper (Red):30 | Black Pepper:0.5 | Butternut Squash:60 | Cabbage (Purple):16 | Cherry Tomatoes:10 | Chili Flakes:0.5 | Cooked Brown Basmati Rice (Base):80 | Fresh Coriander:4 | Garlic (Raw):2 | Lentils (Red):30 | Lime Juice:3 | Mushrooms:30 | Olive Oil:3 | Peanut Butter:8 | Peanuts (Crushed):8 | Red Onion:30 | Sea Salt:0.5 | Spinach (Fresh):16 | Tomato (Raw):80 | Vegetable Stock:50 | Water (Filtered):130 | Zucchini:30",360,36,27,12,,,,,false,,Balanced,,"Beans, G6PD Trigger, Nightshades, Nuts",images/meals/vegan_butternut_squash_lentil_peanut_stew_brown_rice.png,"A rich plant-based stew with red lentils, peanut butter, and crushed peanuts over brown rice.","1. Warm 80g of pre-cooked Cooked Brown Basmati Rice (Base) in a serving bowl; keep warm.
2. In a saucepan, heat 3g olive oil over medium heat. Add finely chopped red onion and sauté for 3–4 minutes until translucent. Stir in 2g grated garlic for 30 seconds.
3. Add 80g diced raw tomatoes and cook for 2 minutes. Pour in 130ml water, 50ml vegetable stock, 30g rinsed red lentils, 30g red bell pepper, and 60g butternut squash cubes. Bring to a gentle boil, then lower to a simmer.
4. Whisk 8g peanut butter into the simmering liquid until fully dissolved. Add 30g sliced zucchini, cover, and simmer for 15 minutes until squash and lentils are tender.
5. Stir in 30g mushrooms, 16g shredded purple cabbage, and 16g spinach. Simmer for 2 minutes until wilted. Season with sea salt, black pepper, and chili flakes.
6. Ladle the stew over the brown rice. Top with 8g crushed roasted peanuts, halved cherry tomatoes, fresh coriander, and a squeeze of lime juice."
"Marinated Pineapple, Peppers, Red Onion & Cilantro Side Salad","Side Salad","Bell Pepper (Red):35 | Cabbage (Purple):60 | Cucumber:55 | Fresh Coriander:6 | Pineapple:50 | Red Onion:15 | Red Thai Chillies:2 | Zesty Lime Chili Salad Dressing (Base):20",150,1.8,19.5,8.2,,,,,false,,Balanced,,"Nightshades, Spicy",images/meals/marinated_pineapple_peppers_salad.png,"Tropical side salad of pineapple, peppers, red onion, cucumber, and cilantro with zesty lime-chili dressing — packed for a 500 ml bowl with dressing on the side.","1. Finely shred the purple cabbage. Cut pineapple into small bite-sized chunks. Slice cucumber into thin half-moons and red pepper into thin matchsticks. Very thinly shave the red onion.
2. Toss cabbage, cucumber, pineapple, red pepper, red onion, and fresh coriander. Portion into a 500 ml container.
3. Finely slice the red Thai chillies and add just before serving (or pack separately if preferred).
4. Serve Zesty Lime Chili Salad Dressing (Base) on the side in a 20 ml cup."
"Classic Garden Salad","Side Salad","Carrots:35 | Classic Lemon Garlic Dressing (Base):20 | Cucumber:60 | Romaine Lettuce:90 | Tomato (Raw):50",350,35,35,7.8,,,,,false,,Balanced,,Nightshades,images/meals/classic_garden_salad.png,"Crisp shredded romaine garden salad with tomato, cucumber, and carrots — packed for a 500 ml bowl with lemon-garlic dressing on the side.","1. Wash and shred or chop the romaine for airy, high-fill volume. Slice cucumber into half-moons. Use cherry tomatoes or sliced raw tomato. Julienned or shred the carrots.
2. Toss romaine, tomato, cucumber, and carrots. Portion into a 500 ml container.
3. Serve Classic Lemon Garlic Dressing (Base) on the side in a 20 ml cup."
"Carrot Walnut Raisin Spice Cake",Dessert,"Almond Flour (Base):240 | Baking Powder:7 | Baking Soda:6 | Carrots:305 | Cinnamon:8 | Eggs (Large):150 | Grass Fed Butter:110 | Ground Ginger:5 | Medjool Dates:360 | Nutmeg:1 | Pumpkin Puree:120 | Sea Salt:3 | Vanilla Pods:4 | Walnuts:65 | Water (Filtered):175",350,35,35,7.8,4038,91.9,384,268,true,16,Balanced,,"Dairy, Eggs, Nuts",images/meals/carrot_oatmeal_cake.png,"Moist gluten-free carrot cake batch (16 slices) with house-milled almond flour, dates, pumpkin puree, walnuts, warm spices, grass-fed butter, and vanilla bean.","1. Create the sweet date paste (15 min). Soak the pitted dates in boiling water for 10 minutes. Blend the dates and all the soaking water in a food processor until entirely smooth. Let it cool slightly so it does not cook the eggs.
2. Prep your oven and vanilla bean (5 min). Preheat your oven to 350°F (175°C) and grease a 9×13-inch pan. Split the vanilla bean pod lengthwise and scrape out all the tiny black seeds.
3. Whisk the dry base (2 min). In a large bowl, thoroughly whisk together the almond flour, cinnamon, ginger, nutmeg, baking soda, baking powder, and salt.
4. Emulsify the wet ingredients (3 min). In a separate bowl, whisk the room-temperature eggs, homemade date paste, pumpkin puree, and scraped vanilla seeds until unified. Slowly drizzle in the melted grass-fed butter while whisking constantly.
5. Combine and fold textures (2 min). Pour the wet mixture into the dry flour blend. Stir gently with a spatula just until combined, then fold in the grated carrots and chopped walnuts.
6. Bake to perfection (38–42 min). Spread the batter evenly into your pan. Bake for 38 to 42 minutes. Because pumpkin holds excellent moisture, it needs those extra few minutes. Test the center with a toothpick—it should come out clean.
7. Cool completely, then cut into 16 equal slices. One slice is one serving."
"Fruit Salad Bowl",Dessert,"Apple Green:40 | Blueberries:40 | Fresh Mint:5 | Honey (Raw):5 | Lemon Juice:5 | Pear:5 | Pineapple:40 | Pomegranate Seeds:30 | Strawberries:50",350,35,35,7.8,,,,,false,,Balanced,,,images/meals/fruit_salad_bowl.png,"Fresh fruit salad of strawberries, pineapple, pear, apple, blueberries, and pomegranate with mint and honey-lemon.","Wash and chop all fruit into bite-size pieces.
Toss gently with lemon juice and honey if using.
Chill 15 minutes. Serve cold."
"Blueberry Walnut Chia Pudding",Dessert,"Blueberries:7.0876 | Cinnamon:1 | Coconut Chia Pudding (Base):120 | Fresh Mint:1 | Sesame Seeds:8 | Walnuts:5",350,35,35,7.8,,,,,false,,Balanced,,Nuts,images/meals/blueberry_walnut_chia_pudding.png,"Creamy coconut chia pudding with blueberries, walnuts, cinnamon, and mint.","Prepare Coconut Chia Pudding (Base) ahead (chia, coconut milk, and date syrup) and chill until thick.
Spoon the set pudding into a bowl or jar.
Fold in blueberries, walnuts, cinnamon, and mint.
Serve chilled."
"Vegan Mushroom Soup",Soup,"Bone Broth (Base):250 | Garlic:30 | Mushrooms:3000 | Olive Oil:30 | Psyllium Husks:150 | Thyme (Fresh):50 | Water (Filtered):1475 | White Onion:300",350,35,35,7.8,1750,109.8,282.6,41.1,true,10,Balanced,,,images/meals/vegan_mushroom_soup.png,"A rich creamy plant-based umami soup combining sautéed wild mushrooms and garlic blended with coconut cream","1. Sauté onion and mushrooms in oil until browned (8 min).
2. Add garlic, thyme, and turmeric. Cook 1 minute.
3. Pour in stock and coconut milk. Simmer 15 minutes.
4. Blend partially for a creamy texture, or leave chunky.
5. Whisk in psyllium husks (1 tablespoon / 15 g per serving). Reheat gently and portion."
"Kefir Turkish Eggs w Zucchini Bread",Breakfast,"Black Pepper:1 | Chili Flakes:2 | Dill (Fresh):5 | Egg:165 | Fresh Mint:5 | Garlic (Raw):5 | Grass Fed Butter:5 | Greek Yogurt:15 | Kefir:10 | Pumpkin Seeds:35 | Sea Salt:1 | Smoked Paprika:1 | Zucchini Almond Bread (Base):100",,,,,,,,,false,,NutrientDense,,"Dairy, Eggs, Gluten, Nightshades, Nuts",images/meals/kefir_turkish_eggs_zucchini_bread.png,"Soft-boiled eggs on kefir-spiked Greek yogurt with spiced butter, dill, mint, and pumpkin seeds — served with toasted zucchini almond bread.","1. Place eggs in a pot and add enough cold water to cover them (do not fill the pot to the top). Cover the pot, bring to a boil, and cook for exactly 12 minutes.
2. Transfer the eggs to an ice water bath until chilled; peel when ready — this keeps the yolks creamy and makes peeling easy.
3. Prepare Zucchini Almond Bread (Base) per base recipe instructions. Toast 2 slices.
4. Warm the butter in a small pan with minced garlic, smoked paprika, and chili flakes until fragrant.
5. Whisk Greek yogurt, kefir, chopped dill, torn mint leaves, sea salt, and black pepper until smooth. Spread on a plate and drizzle with the warm spiced butter.
6. Halve the soft-boiled eggs and nestle them on the yogurt. Scatter pumpkin seeds over the top and serve with toasted zucchini almond bread."
"Sardine Pate w Zucchini Bread",Meal,"Avocado:5 | Capers:5 | Dijon Mustard:10 | Garlic (Raw):5 | Lemon Juice:5 | Purslane:345 | Radish:5 | Roasted Red Bell Peppers (Base):50 | Sardines (Canned):100 | Spring Onion:15 | Zucchini Almond Bread (Base):100",,,,,,,,,false,,NutrientDense,,"Dairy, Eggs, Fish, G6PD Trigger, Gluten, Nightshades, Nuts",images/meals/sardine_pate_zucchini_bread.png,"Sardine pâté with lemon, mustard, radish, and capers on toasted zucchini almond bread — topped with purslane, avocado, and roasted peppers.","1. Drain the sardines. In a food processor, blend with lemon juice, Dijon mustard, grated radish, capers, chopped spring onion, and garlic until smooth.
2. Prepare Zucchini Almond Bread (Base) per base recipe instructions. Toast 2 slices.
3. Spread the sardine pâté on the toasted bread.
4. Top with purslane, sliced avocado, and Roasted Red Bell Peppers (Base). Serve immediately."
"Kimchi Purslane Side Salad","Side Salad","Bok Choy:30 | Kimchi (Base):30 | Purslane:40 | Sesame Seeds:8 | Tahini Miso Garlic Ginger Rice Vinegar Dressing (Base):20",,,,,,,,,false,,NutrientDense,,"Sesame, Soy",images/meals/kimchi_purslane_side_salad.png,"Homemade fermented kimchi with purslane and bok choy, sesame seeds, and tahini-miso dressing.","Toss purslane and bok choy in a bowl.
Add two spoons of homemade Kimchi (Base).
Drizzle with Tahini Miso Garlic Ginger Rice Vinegar Dressing (Base) and toss to coat."
"Chocolate Orange Brownie",Dessert,"Almond Flour (Base):95 | Baking Powder:1 | Cocoa Powder:75 | Eggs (Large):150 | Grass Fed Butter:120 | Medjool Dates:265 | Orange Juice:30 | Orange Zest:10 | Psyllium Husks:335 | Tapioca Starch:30 | Water (Filtered):80",189.59,3.8,18.68,13.19,3927,60,594.3,170,true,16,NutrientDense,Luteal,"Dairy, Eggs, Nuts",images/meals/Chocolate-Orange-Brownie-(N).png,"Rich grain-free cocoa-orange brownie batch (16 small squares) with date-orange sweetener, Dutch cocoa, grass-fed butter, blanched almond flour, tapioca, and psyllium husks for fiber.","Make the citrus & date sweetener. Pour boiling water over the pitted dates and soak 10 minutes. Blend with the orange zest and fresh orange juice until completely smooth.
Build the rich chocolate base. Melt the grass-fed butter, then whisk in the Dutch-process cocoa until glossy. Beat in the room-temperature eggs one at a time.
Whisk the grain-free flours. In a bowl, combine the super-fine blanched almond flour, tapioca starch, psyllium husks, baking powder, and fine sea salt.
Fold the batters together. Stir the date-orange puree into the chocolate base, then fold in the dry ingredients just until no dry streaks remain.
Bake at 175°C. Spread into a lined tin and bake until a skewer from the center comes out mostly clean with moist crumbs.
Cool completely, then cut into 16 equal squares. One square is one serving."
"Miso Mushroom Soup",Soup,"Ginger (Raw):50 | Miso Paste:100 | Mushrooms:1200 | Psyllium Husks:150 | Spring Onion:100 | Water (Filtered):2000",,,,,1102,51.6,215.7,10.2,true,10,NutrientDense,,Soy,,"Silky miso broth with mushrooms — fermented mineral anchor with psyllium husks for fiber.","1. Simmer mushrooms in water with ginger until tender.
2. Remove from heat. Whisk miso paste into the broth until smooth (do not boil miso).
3. Whisk in psyllium husks (1 tablespoon / 15 g per serving). Top with spring onion and portion."
"Bone Broth Cup",Soup,"Bone Broth (Base):5000 | Psyllium Husks:150",,,,,1417,175,133.4,15,true,10,NutrientDense,,,images/meals/bone_broth_cup.png,"500 ml cup of defatted house bone broth — long-simmered, gelatin-rich, with psyllium husks for fiber.","1. Heat the full batch of defatted Bone Broth (Base) gently (do not boil hard).
2. Whisk psyllium husks into the batch (1 tablespoon / 15 g per serving).
3. Portion 500 ml per cup and serve hot."
"Mediterranean Omelet",Breakfast,"Avocado:6.75 | Basil:5 | Bell Pepper (Red):10 | Black Pepper:1 | Egg:124 | Olive Oil (Extra Virgin):5 | Parsley:10 | Shallots:10 | Spinach:30 | Thyme (Fresh):5 | Tomato (Raw):20",350,24,12,23,,,,,false,,Balanced,,"Eggs, Nightshades",images/meals/mediterranean_omelet.png,"Earthy and rich in B-vitamins for morning mental clarity.","Beat eggs in a bowl.
Sauté diced pepper, tomato, and shallot in olive oil for 3 minutes.
Pour in eggs. Cook over medium heat until almost set.
Add olives and avocado on one half. Fold omelet in half.
Finish with fresh herbs. Serve warm."
"Salmon Plate",Meal,"Salmon (Raw):150",,,,,,,,,false,,,,Fish,,"Simple plate of roasted salmon fillet.","1. Pat salmon dry. Season with sea salt and black pepper.
2. Pan-sear or bake at 190°C for 12–15 minutes until flaky and cooked through.
3. Rest 2 minutes and serve."
"Salmon Plate B",Meal,"Salmon (Raw):150",,,,,,,,,false,,,,Fish,,"Simple plate of roasted salmon fillet.","1. Pat salmon dry. Season with sea salt and black pepper.
2. Pan-sear or bake at 190°C for 12–15 minutes until flaky and cooked through.
3. Rest 2 minutes and serve."
"Salmon Quinoa Bowl",Meal,"Cooked Quinoa (Base):80 | Salmon (Raw):120",,,,,,,,,false,,,,Fish,,"Roasted salmon served over fluffy quinoa.","1. Prepare Cooked Quinoa (Base) per base recipe instructions; keep warm.
2. Pat salmon dry. Season with sea salt and black pepper.
3. Pan-sear or bake salmon at 190°C for 12–15 minutes until flaky.
4. Plate quinoa and top with salmon."
"Chia Dessert",Dessert,"Cooked Quinoa (Base):60",,,,,,,,,false,,,,,,"Light cooked quinoa dessert cup.","1. Prepare Cooked Quinoa (Base) per base recipe instructions.
2. Portion and serve warm or chilled as directed for your plan."
"Blueberry Walnut Greek Yogurt Chia Pudding",Dessert,"Blueberries:20 | Cinnamon:1 | Fresh Mint:5 | Greek Yogurt Chia Pudding (Base):150 | Psyllium Husks:10 | Walnuts:10",200.77,16.85,16.79,8.39,,,,,false,,,,"Dairy, Nuts",images/meals/blueberry_walnut_chia_pudding.png,"Creamy Greek yogurt chia pudding with blueberries, walnuts, cinnamon, and mint.","Prepare Greek Yogurt Chia Pudding (Base) ahead (chia, Greek yogurt, and honey) and chill until thick.
Spoon the set pudding into a bowl or jar.
Fold in blueberries, walnuts, cinnamon, and mint.
Serve chilled."
"Cacao & Almond Chia",Dessert,"Almond Butter:2.2476 | Almond whole:5 | Cocoa Powder:2 | Coconut Chia Pudding (Base):120 | Sesame Seeds:8",150,4,15,9,,,,,false,,,,Nuts,images/meals/cacao_almond_chia.png,"Rich cacao coconut chia pudding swirled with almond butter and almonds.","Prepare Coconut Chia Pudding (Base) ahead (chia, coconut milk, and date syrup) and chill until thick.
Spoon the set pudding into a bowl or jar.
Swirl in almond butter and cocoa powder. Top with chopped almonds.
Serve chilled."
"Smashed Beans & Eggs",Breakfast,"Black Pepper:2 | Egg:100 | Feta:15 | Fresh Coriander:10 | Pumpkin Seeds:15 | Smashed White Beans (Base):80 | Tomato (Raw):50",350,18,36,14,,,,,false,,,,"Beans, Eggs, G6PD Trigger, Nightshades",images/meals/smashed_beans_eggs.png,"Creamy white beans topped with a crispy fried egg, crumbled feta, and pumpkin seeds.","Prepare Smashed White Beans (Base) per base recipe instructions.
Dice tomato and chop fresh coriander.
Fry or poach eggs until whites are set and yolks are runny.
Spoon warm smashed beans onto plates, top with eggs, tomato, and coriander.
Crumble feta over the top and finish with pumpkin seeds.
Serve immediately."
"Grilled Chicken Tikka Salad w Quinoa & Cilantro Lime Dressing",Meal,"Apple Cider Vinegar:5 | Cabbage (Purple):30 | Carrots:20 | Cashew Nuts:10 | Cilantro Lime Dressing (Base):15 | Cooked Quinoa (Base):85 | Cucumber:40 | Fresh Coriander:5 | Fresh Mint:5 | Lime Juice:10 | Red Onion:15 | Tandoori Chicken (Base):150 | Tomato (Raw):60 | White Onion:40",350,32,28,12,,,,,false,,Balanced,,"Nightshades, Nuts, Soy, Spicy",images/meals/crispy_chicken_tikka_quinoa_mint_sauce.png,"Grilled chicken tikka over white quinoa with fresh vegetables and cilantro lime dressing.","Cook quinoa: rinse, simmer 15 minutes, fluff.
Grill or pan-sear Tandoori Chicken (Base) until golden then in the oven for 20 minutes exactly, then Rest and slice.
Shred cabbage; julienne carrots and cucumber.
Layer quinoa, vegetables, and chicken.
Serve dressing on the side."
"Leek & Salmon in Capers, Lemon & Dill Sauce w Roasted Potato",Meal,"Black Pepper:2 | Capers:10 | Dill (Fresh):10 | Garlic (Raw):10 | Leeks:100 | Lemon Juice:20 | Lemon Zest:5 | Olive Oil (Extra Virgin):5 | Potato:80 | Preserved Lemon:10 | Salmon:150 | Sea Salt:2",350,27,16,19,,,,,false,,Balanced,Luteal,"Fish, Nightshades",images/meals/leek_salmon_capers_lemon_dill_roasted_potato.png,"Tender parchment-baked salmon fillets over sautéed leeks, with herb-roasted potato cubes.","Preheat oven to 200°C. Toss potato cubes with olive oil, minced garlic, fresh rosemary, and sea salt; roast for 25 minutes.
Sauté julienned leeks in olive oil over medium heat for 6 to 8 minutes until sweet and golden.
Prepare a large greaseproof paper parchment square and layer the sautéed leeks down in the center core.
Lay the clean salmon fillet over the leek bed; season with black pepper, capers, preserved lemon, and fresh dill.
Spoon house vegetable broth base and lemon juice over the salmon, wrap paper tightly to trap steam, and bake for 15 minutes."
"Harissa Chicken Balls w Quinoa Cucumber Herb Salad & Eggplant Dip",Meal,"Black Pepper:1 | Chicken Breast:150 | Cooked Quinoa (Base):75 | Cucumber:60 | Dill (Fresh):5 | Eggplant Dip (Mutabal) (Base):60 | Fresh Mint:5 | Garlic (Raw):5 | Harissa Paste (Base):15 | Lemon Juice:15 | Olive Oil (Extra Virgin):5 | Parsley:5 | Red Onion:10 | Sea Salt:1 | White Onion:15",350,24.2,33.8,13.1,,,,,false,,Balanced,,"G6PD Trigger, Nightshades, Sesame, Spicy",images/meals/harissa_chicken_balls_couscous.png,"Harissa chicken meatballs with a cucumber-herb salad, fluffy couscous, and mutabal eggplant dip.","Mix ground chicken meat with Harissa Paste (Base), garlic, white onion, parsley, dill, mint, and sea salt; roll into uniform meatballs.
Sear meatballs in a hot cast-iron skillet with olive oil until golden, then bake at 200°C for 12 minutes until cooked through.
Toss diced cucumber, fresh lemon juice, chopped red onion, and fresh mint together to assemble the salad.
Prepare Cooked Couscous (Base) per base recipe instructions.
Layer couscous into container base, arrange meatballs and cucumber salad neatly adjacent, and accompany with a side of house mutabal dip."
"Vegan Smoky Cauliflower & Lentil Stew w Quinoa Bread & Tahini",Meal,"Cauliflower:100 | Chard:75 | Cherry Tomatoes:30 | Chili Flakes:0.5 | Cumin Seeds:1 | Garlic (Raw):5 | Ginger (Raw):3 | Lemon Juice:10 | Lentils (Red):40 | Olive Oil (Extra Virgin):3 | Quinoa Flatbread (Base):97.5 | Sea Salt:1 | Smoked Paprika:1 | Tahini:5 | Water (Filtered):150 | White Onion:25 | coriander powder:1",360,36,27,12,,,,,false,,,,"Beans, Nightshades, Sesame",images/meals/vegan_smoky_cauliflower_lentil_stew_quinoa_bread_tahini.png,"Smoky red lentil and cauliflower curry with wilted chard, lemon, and a tahini drizzle — served with one quinoa flatbread.","1. Prepare Quinoa Flatbread (Base) per base recipe instructions; keep warm (one full folded crepe for scooping).
2. Heat olive oil in a small pot over medium heat. Sauté diced white onion, minced garlic, and grated ginger with cumin seeds, coriander powder, smoked paprika, and chili flakes for 1 minute until fragrant.
3. Add dry red lentils, halved cherry tomatoes, and cauliflower florets. Pour in water and season with sea salt.
4. Bring to a boil, then reduce heat to low, cover, and simmer 12–14 minutes until the lentils break down into a creamy dal and the cauliflower is tender.
5. Fold in chopped chard and cook 2 minutes until wilted.
6. Stir in lemon juice, transfer to a bowl, and finish with a tahini drizzle. Serve warm alongside the quinoa flatbread."
"Salted Tahini Caramel Chocolate Bar",Dessert,"Almond Flour (Base):145 | Cocoa Powder:60 | Coconut Oil:110 | Date Syrup:145 | Sea Salt:10 | Tahini:120 | Vanilla Pods:2",300,6,32,16,3104,64.4,200.6,255.4,true,16,"Balanced, NutrientDense","Ovulatory | Luteal","Nuts, Sesame",meals/U0uHuLR58OAn2jSfxBkKq39aDXVbMafkUnLcvp1z.png,"Three-layer 8x8 no-bake bar (16 squares): almond shortbread, salted tahini-date caramel, and dark cocoa topping.","1. Heat oven to 175°C. Line an 8x8 inch pan with parchment paper.
2. Mix almond flour, 3 tablespoons coconut oil, 2 tablespoons date syrup, vanilla, and salt into a crumb. Press evenly into the pan and bake 10 minutes. Cool 10 minutes.
3. Warm tahini, date syrup, coconut oil, vanilla, and sea salt in a saucepan over medium-low heat for about 2 minutes, stirring often. Pour over the crust.
4. Refrigerate 30 to 60 minutes until the caramel layer sets.
5. Whisk cocoa powder, remaining coconut oil, and a little date syrup until smooth and glossy.
6. Pour the chocolate layer over the caramel, tilt the pan to coat evenly, and chill 1 hour until firm. Sprinkle with flaky sea salt.
7. Lift from the pan and cut into 16 squares. One square is one serving."
"Vegan Harissa Roasted Cauliflower & Chickpea Salad w Tahini Dressing",Meal,"Beetroot:150 | Black Seeds:3 | Cauliflower:150 | Cooked Chickpeas (Base):120 | Dill (Fresh):5 | Fresh Mint:5 | Harissa Paste (Base):10 | Lemon-Tahini Dressing (Base):20 | Olive Oil (Extra Virgin):5 | Sea Salt:0.5 | Shallots:10 | Sunflower Seeds:10",350,12.1,42.1,14.8,,,,,false,,,,"Beans, Nightshades, Sesame, Spicy",images/meals/harissa_cauliflower_chickpea_salad.png,"Harissa-roasted cauliflower, beetroot, and chickpeas with dill, mint, seeds, and lemon-tahini dressing.","1. Prepare Cooked Chickpeas (Base) per base recipe instructions from about 55g dry chickpeas (about 120g cooked), or measure 120g cooked chickpeas.
2. Toss the cooked chickpeas, cubed beetroot, and cauliflower florets with olive oil, Harissa Paste (Base), and a pinch of sea salt. Spread onto a baking sheet and roast at 200°C for 22–25 minutes until caramelized and tender.
3. Transfer roasted vegetables and chickpeas to a wide serving bowl. Toss gently with sliced shallots, fresh dill, and fresh mint.
4. Scatter sunflower seeds and black seeds over the top. Drizzle Lemon-Tahini Dressing (Base) over the salad, or serve on the side."
"Eggplant & Ground Beef Stew w Quinoa Bread",Meal,"Beef Ground Lean:120 | Beef Liver:54 | Black Pepper:1 | Chard:68.7367 | Chili Flakes:1 | Eggplant:90 | Garlic (Raw):5 | Ginger (Raw):5 | Olive Oil (Extra Virgin):7.9372 | Parsley:5 | Quinoa Flatbread (Base):97.5 | Sesame Seeds:7.8776 | Tomato (Raw):7.1116 | White Onion:4.8",350,24.1,30.5,14.6,,,,,false,,Balanced,,"Nightshades, Sesame",images/meals/eggplant_ground_beef_stew_quinoa_bread.png,"Comforting skillet of tender eggplant and lean ground beef with toasted quinoa bread.","Heat olive oil in a heavy skillet. Add eggplant cubes and stir-fry until soft and golden; remove.
Add remaining oil and ground beef with minced liver; cook until browned and crumbly.
Stir in chopped white onion, garlic, and ginger; sauté until fragrant.
Return eggplant, add tomato, chili flakes, and chard; cook until greens wilt and sauce thickens.
Serve hot with parsley, sesame seeds, and toasted Quinoa Flatbread (Base)."
"Vegan Mushroom Bowl",Meal,"Bell Pepper (Red):45 | Black Pepper:0.5 | Broccoli:50 | Cherry Tomato:40 | Cilantro Lime Dressing (Base):15 | Cooked Black Beans (Base):100 | Cooked Quinoa (Base):120 | Fresh Coriander:5 | Garlic (Raw):5 | Mushrooms:110 | Olive Oil (Extra Virgin):5 | Sea Salt:0.5 | Spinach (Fresh):50 | White Onion:20",350,11.8,45.3,13.5,,,,,false,,,,"Beans, G6PD Trigger, Nightshades",images/meals/vegan_mushroom_bowl.png,"Vibrant vegan bowl with sautéed mushrooms, black beans, red pepper, broccoli, and cherry tomatoes over quinoa, finished with cilantro-lime dressing.","1. Prepare Cooked Quinoa (Base) from 40g dry quinoa simmered in 80ml water with a pinch of salt for 12–14 minutes until tender (~120g cooked), or measure 120g cooked quinoa. Keep 100g pre-cooked Cooked Black Beans (Base) warm.
2. Heat 5g olive oil in a wide skillet over medium heat. Sauté the diced white onion and minced garlic for 2 minutes until fragrant. Add 110g sliced mushrooms and cook for 5–6 minutes until browned and their liquid has evaporated.
3. Add the 45g diced red pepper and 50g broccoli florets with 1 tablespoon of water. Cover the pan for 2–3 minutes to let the broccoli steam-tenderize while staying bright green.
4. Uncover, add the 100g cooked black beans and 50g fresh spinach, and toss gently for 1 minute until the spinach wilts. Season with salt and black pepper.
5. Spoon the cooked quinoa into one side of the serving bowl. Arrange the warm mushroom, broccoli, and black bean mixture alongside it.
6. Scatter halved cherry tomatoes and fresh chopped coriander over the bowl, then drizzle evenly with 15ml Cilantro Lime Dressing (Base)."
"Spicy Harissa Grilled Chicken w Roasted Sweet Potato & Zucchini",Meal,"Black Pepper:1 | Chard:60 | Chicken Breast:150 | Fresh Mint:5 | Garlic (Raw):5 | Harissa Paste (Base):5 | Lemon Juice:5 | Olive Oil (Extra Virgin):5 | Sweet Potato:90 | Zucchini:80",350,26.4,35.9,11.2,,,,,false,,,,"G6PD Trigger, Nightshades, Spicy",images/meals/harissa_grilled_chicken_sweet_potato.png,"Lean chicken breast marinated in house harissa paste","Coat chicken with Harissa Paste (Base) and a little olive oil. Rest 15 minutes.
Cube sweet potato and zucchini. Toss with oil. Roast at 200°C for 25 minutes.
Grill or pan-sear chicken until golden then in the oven for 20 minutes exactly, then Rest and slice.
Rest, slice, and serve over roasted vegetables.
Garnish with fresh chopped mint."
"Grilled Beef Steak Ratatouille & Saffron rice",Meal,"Beef Sirloin:150 | Bell Pepper (Red):5.8065 | Black Pepper:1 | Chard:126.421 | Eggplant:40 | Fresh Basil:5 | Garlic (Raw):5 | Lemon Juice:3.0909 | Olive Oil (Extra Virgin):7.9372 | Parsley:5.7778 | Saffron Rice (Base):75 | Tomato (Raw):7.778 | Zucchini:128",500,46,33,20,,,,,false,,"Balanced, NutrientDense",,Nightshades,images/meals/grilled_beef_steak_ratatouille.png,"Seared lean sirloin steak over slow-simmered ratatouille and aromatic golden saffron basmati rice.","Prepare Saffron Rice (Base) per base recipe instructions; keep warm.
Sauté diced eggplant, zucchini, pepper, and tomato with garlic in olive oil until soft (12–15 min). Stir in basil, chard, and parsley.
Season steak with black pepper. Sear in a hot pan 3–4 minutes per side for medium-rare (adjust to taste).
Rest steak 5 minutes. Slice against the grain.
Finish the ratatouille with lemon juice. Serve sliced steak with the vegetable medley and saffron rice."
"Grilled Sumac Chicken Skewers w Zereshk & Turmeric Rice & Roasted Mixed Vegetables",Meal,"Barberries:10 | Chicken Breast:150 | Parsley:10 | Pomegranate Sumac Sauce (Base):40 | Red Onion:30 | Roasted Mixed Vegetables (Base):85 | Sumac:2 | Turmeric Rice (Base):70",360,36,27,12,,,,,false,,,,Nightshades,images/meals/grilled_sumac_chicken_skewers_zereshk_turmeric_rice.png,"Grilled sumac-marinated chicken skewers roasted over red onion with zereshk turmeric rice and house roasted mixed vegetables.","Prepare Turmeric Rice (Base) per base recipe instructions; fold through barberries (zereshk) and keep warm.
Prepare Roasted Mixed Vegetables (Base) per base recipe instructions.
Marinate chicken in Pomegranate Sumac Sauce (Base) for at least 2 hours or overnight.
Preheat oven to 190°C. Arrange thinly sliced red onion in a roasting dish. Thread chicken onto skewers, place over the onion with the marinade, and season with salt and pepper.
Roast 45–60 minutes until richly golden and cooked through, basting with pan juices several times.
Serve skewers with zereshk turmeric rice, roasted vegetables on the side, and fresh parsley."
"Vegan Sri Lankan Red Lentil Dal w Quinoa Bread",Meal,"Chili Powder:1 | Coriander Seeds:1 | Fresh Coriander:3 | Garlic (Raw):5 | Ginger (Raw):5 | Homemade Coconut Milk:15 | Lentils (Red):40 | Olive Oil (Extra Virgin):3 | Purslane:120 | Quinoa Flatbread (Base):97.5 | Sea Salt:0.5 | Tomato (Raw):35 | Turmeric Powder:1 | Water (Filtered):175 | White Onion:25 | cumin powder:1 | mustard seeds:1",360,36,27,12,,,,,false,1,,,"Beans, G6PD Trigger, Nightshades",images/meals/vegan_sri_lankan_lentil_dal.png,"Rich red lentil dal with creamy coconut milk and traditional spices","1. Rinse 40g dry red lentils thoroughly. In a small pot, combine lentils with 175ml filtered water, 5g grated ginger, and 1g ground turmeric. Bring to a boil, then reduce heat to low, cover, and simmer for 14–16 minutes until lentils are soft and breaking down.
2. While lentils cook, heat 3g olive oil in a small pan over medium heat. Add 1g mustard seeds and 1g coriander seeds; let them pop for 20 seconds. Add the 25g finely chopped onion, 5g minced garlic, 1g cumin powder, and 1g chili powder. Sauté for 3–4 minutes until onions are soft and fragrant.
3. Add the 35g diced tomatoes and the cooked tempered spice mixture directly into the simmering dal.
4. Stir in 15ml Homemade Coconut Milk and season with sea salt. Fold in the 120g chopped purslane and simmer gently for 2–3 minutes until tender and bright green.
5. Warm 1 Quinoa Flatbread (Base) in a dry pan. Pour the dal into a bowl, garnish with fresh coriander, and serve immediately alongside the flatbread."
"Tomato Parsely Salad w Sumac Za’ater Dressing","Side Salad","Cucumber:13.3334 | Fresh Mint:5 | Parsley:10 | Pomegranate Seeds:7.5904 | Red Onion:5 | Rocca:174 | Sumac Za'atar Dressing (Base):10 | Tomato (Raw):5.5557",150,2.1,14.4,9.3,,,,,false,,Balanced,,Nightshades,images/meals/tomato_parsley_salad.png,"A vibrant Levantine side salad of ripe tomatoes, cucumber, red onion, rocca, parsley, and mint with pomegranate seeds and sumac za'atar dressing on the side.","Prepare Sumac Za'atar Dressing (Base) per base recipe instructions; rest 10 minutes.
Halve or wedge the tomatoes; slice cucumber and thinly slice red onion.
Roughly chop the parsley and mint; tear rocca into bite-sized pieces.
Combine tomatoes, cucumber, onion, rocca, herbs, and pomegranate seeds in a bowl.
Serve at room temperature with dressing on the side."
"Apple Pie Balls",Dessert,"Almond Butter:5 | Almond Flour:5 | Apple Green:10 | Cinnamon:1 | Dates (Khelas):15 | Walnuts:5",150,3.6,17.2,9,,,,,false,,"Balanced, NutrientDense",,Nuts,images/meals/apple_pie_balls.png,"No-bake apple-cinnamon balls with khelas dates, almond flour, walnuts, and almond butter — 3 small bites per serving (~150 kcal).","1. Pulse khelas dates, almond flour, chopped apple, walnuts, cinnamon, and almond butter in a food processor until the mixture holds together.
2. Roll into 3 small bite-size balls (~14g each). One serving is all 3 balls.
3. Chill 30 minutes until firm. Serve cold."
"Garlic Lemon Salmon, Dill Tarragon Rice & Spicy Green Chilli Sauce",Meal,"Black Pepper:1 | Dill (Fresh):15 | Fresh Parsley:5 | Garlic (Raw):20 | Lemon Juice:25 | Lemon Zest:5 | Olive Oil (Extra Virgin):10 | Oregano:2 | Paprika:2 | Roasted Mixed Vegetables (Base):100 | Salmon (Raw):150 | Spicy Green Chilli Sauce (Base):20 | Steamed Basmati Rice (Base):50 | Tarragon:5",350,35,35,7.7,,,,,false,,Balanced,,"Fish, Nightshades, Spicy",images/meals/garlic_lemon_salmon_dill_tarragon_rice.png,"Tender garlic-lemon salmon over fluffy dill-tarragon basmati rice with roasted mixed vegetables and spicy green chilli sauce on the side.","Prepare Steamed Basmati Rice (Base) per base recipe instructions; fluff and fold in chopped fresh dill and dried tarragon.
Prepare Roasted Mixed Vegetables (Base) per base recipe instructions; keep warm.
Whisk olive oil, lemon juice, lemon zest, minced garlic, oregano, paprika, and black pepper into a garlic-lemon marinade.
Coat salmon with the marinade. Top with lemon rounds. Bake at 200°C for 14 minutes until the salmon flakes easily.
Plate salmon over dill-tarragon rice with roasted mixed vegetables. Garnish with chopped parsley. Serve spicy green chilli sauce on the side."
"Pepper Chicken in Creamy Cajun Sauce w Roasted Potato",Meal,"Bell Pepper (Red):320 | Black Pepper:1 | Cajun Spice (Base):3 | Cherry Tomatoes:2.4444 | Chicken Breast:150 | Fresh Parsley:3 | Garlic (Raw):4 | Homemade Coconut Milk:7.486 | Lime Juice:8 | Olive Oil (Extra Virgin):5 | Potato:6.2592 | Red Onion:2.6 | Smoked Paprika:1",360,36,27,12,,,,,false,,Balanced,,"Nightshades, Spicy",images/meals/cajun_pepper_chicken.png,"Skillet-seared Cajun chicken breast in a rich coconut cream sauce with roasted cherry tomatoes and crisp potato cubes.","Cube potatoes. Toss with oil and roast at 200°C until crisp (25–30 min).
Rub chicken with Cajun Spice (Base). Grill or pan-sear chicken until golden then in the oven for 20 minutes exactly, then Rest and slice.
Sauté sliced bell pepper, red onion, and garlic in olive oil until softened.
Add Cajun Spice (Base) and cherry tomatoes. Cook 2 minutes.
Stir in homemade coconut milk and lime juice. Simmer until the sauce thickens.
Serve sliced chicken and creamy Cajun sauce over roasted potatoes."
"Blackened Chicken, Grilled Peppers & Onion Salad w Quinoa, Kale & Mustard Dressing",Meal,"Bell Pepper (Red):3.8708 | Blackened Seasoning (Base):5 | Chicken Breast:150 | Cooked Quinoa (Base):84 | Honey Mustard Dressing (Base):15 | Kale:88 | Red Onion:6",350,35,35,7.7,,,,,false,,Balanced,,Nightshades,images/meals/blackened_chicken_quinoa_kale_salad.png,"Warm salad featuring sliced blackened chicken over quinoa, kale, and grilled peppers with honey mustard on the side.","Prepare Cooked Quinoa (Base) per base recipe instructions; let cool slightly.
Rub chicken with Blackened Seasoning (Base). Grill or pan-sear chicken until golden then in the oven for 20 minutes exactly, then Rest and slice.
Grill pepper strips and onion until charred and soft.
Massage kale until tender.
Toss quinoa, kale, and vegetables. Top with chicken.
Serve dressing on the side."
"Mango Pumpkin Seed Chia Pudding",Dessert,"Coconut Chia Pudding (Base):120 | Fresh Mint:1 | Mango:13.1333 | Pumpkin Seeds:8 | Sesame Seeds:6",350,35,35,7.8,,,,,false,,Balanced,,,images/meals/mango_pumpkin_seed_chia_pudding.png,"Tropical coconut chia pudding topped with fresh mango and pumpkin seeds.","Prepare Coconut Chia Pudding (Base) ahead (chia, coconut milk, and date syrup) and chill until thick.
Spoon the set pudding into a bowl or jar.
Top with diced mango and pumpkin seeds.
Serve chilled."
"Citrus Herb Salmon with Asparagus & Sweet Potato",Meal,"Asparagus:20.6 | Dill (Fresh):2 | Lemon Juice:10 | Orange Juice:8 | Salmon (Raw):150 | Sweet Potato:98",360,36,27,12,,,,,false,,Balanced,,Fish,images/meals/citrus_herb_salmon.png,"A premium pan-seared salmon fillet glazed in a bright","Roast sweet potato cubes at 200°C for 20 minutes.
Season salmon with herbs, lemon, and orange juice.
Pan-sear or bake salmon 4–5 minutes per side until cooked.
Steam or roast asparagus for 4–5 minutes.
Serve salmon with sweet potato and asparagus."
"Grilled Chicken Chimichurri",Meal,"Broccoli:60 | Chicken Breast:150 | Fermented Chimichurri (Base):20 | Fresh Coriander:8 | Garlic (Raw):4 | Lemon Juice:10 | Olive Oil (Extra Virgin):7 | Parsley:8 | Sweet Potato:85",360,36,27,12,,,,,false,,Balanced,,,images/meals/grilled_chicken_chimichurri.png,"Juicy grilled chicken breast topped with our bright","Prepare Fermented Chimichurri (Base) per base recipe instructions.
Season chicken breast. Grill or pan-sear chicken until golden then in the oven for 20 minutes exactly, then Rest and slice.
Roast or steam sweet potato and broccoli until tender.
Plate chicken over veg. Spoon chimichurri on top."
"Grilled Salmon Mango Salsa",Meal,"Avocado:27.1 | Bell Pepper (Red):4.1935 | Cashew Nuts:7.9749 | Citrus Herb Sauce (Base):30 | Cucumber:7.9999 | Fresh Coriander:3 | Lemon Herb Salmon Marinade (Base):150 | Mango:7.5995 | Pumpkin:138 | Purslane:328 | Salmon (Raw):150",360,36,27,12,,,,,false,,Balanced,,"Fish, Nightshades, Nuts",images/meals/grilled_salmon_mango_salsa.png,"Lemon-herb marinated salmon over roasted pumpkin with mango salsa, citrus herb sauce, avocado, purslane, and cashews.","Cube pumpkin and roast at 200°C until tender and lightly caramelized at the edges.
Prepare Lemon Herb Salmon Marinade (Base) per base recipe instructions. Coat salmon and marinate 20–30 minutes.
Prepare Citrus Herb Sauce (Base) per base recipe instructions; keep warm.
Dice mango, pepper, cucumber, and avocado. Toss with purslane, cashew nuts, a spoonful of citrus herb sauce, and coriander.
Grill or pan-sear the marinated salmon until cooked through.
Serve salmon over roasted pumpkin with the mango salsa salad. Spoon the remaining citrus herb sauce over the salmon so it stays moist and glossy."
"Herb Coated Salmon & Roasted Potato",Meal,"Garlic & Herb Marinade (Base):40 | Garlic (Raw):5 | Olive Oil:5 | Potato:80 | Roasted Mixed Vegetables (Base):90 | Rosemary (Fresh):5 | Salmon (Raw):150 | Sea Salt:1",502,29.5,27,31.4,,,,,false,1,Balanced,,"Fish, Nightshades",images/meals/herb_coated_salmon.png,"Herb-crusted salmon in garlic-herb lime marinade with roasted potato cubes and house roasted mixed vegetables.","Prepare Roasted Mixed Vegetables (Base) and Garlic & Herb Marinade (Base) per base recipe instructions.
Preheat oven to 200°C. Toss potato cubes with olive oil, minced garlic, fresh rosemary, and sea salt; roast for 25 minutes until golden.
Coat salmon thoroughly with Garlic & Herb Marinade (Base) and rest 15 minutes. Bake or pan-sear until cooked through.
Serve salmon with herb-roasted potato cubes and roasted mixed vegetables."
"High Protein Miso Crunch Salad","Side Salad","Cabbage (Purple):60 | Carrots:30 | Chicken Breast:150 | Edamame:40 | Miso Paste:4 | Rice Vinegar:4 | Tahini:8 | Water (Filtered):4",350,35,35,7.8,,,,,false,1,,,"G6PD Trigger, Sesame, Soy",images/meals/high_protein_miso_crunch_salad.png,"A deeply savory umami crunch bowl of shredded cabbage and matchstick carrots tossed with edamame","1. Whisk miso paste, tahini, rice vinegar, and water until smooth for the dressing.
2. Thinly shred purple cabbage and julienne carrots. Toss with edamame.
3. Season chicken breast and grill or pan-sear until cooked through. Rest and slice into strips.
4. Toss salad vegetables with half the dressing. Top with chicken strips and drizzle remaining dressing."
"Marinated Strawberry Beet Salad","Side Salad","Apple Cider Beet Marinade (Base):15 | Beetroot:60 | Celery:30 | Fresh Mint:4 | Romaine Lettuce:80 | Strawberries:50 | Walnuts:8 | White Onion:10",350,35,35,7.8,,,,,false,1,,,Nuts,images/meals/marinated_strawberry_beet_salad.png,"Juicy strawberries and roasted beet matchsticks with celery, mint, and walnuts over chopped romaine — packed for a 500 ml bowl with marinade dressing on the side.","1. Cook or roast beetroot until tender. Cool and cut into matchsticks. Slice strawberries. Thinly slice celery into half-moons. Very thinly shave the onion. Tear the mint leaves. Lightly crush the walnuts.
2. Toss beets, strawberries, celery, onion, walnuts, and mint. Marinate briefly.
3. Portion chopped romaine into a 500 ml container and top with the marinated mixture.
4. Serve Apple Cider Beet Marinade (Base) on the side in a 20 ml cup."
"Mediterranean Crunch Salad",Meal,"Bell Pepper (Red):35 | Cherry Tomatoes:45 | Classic Lemon Garlic Dressing (Base):12 | Cucumber:55 | Fresh Basil:3 | Kalamata Olives:15 | Pumpkin Seeds:10 | Red Onion:15 | Rocca:45 | Romaine Lettuce:45 | Rosemary Garlic Chicken (Base):150 | Walnuts:10",350,35,35,7.8,,,,,false,,,,"Nightshades, Nuts",images/meals/mediterranean_crunch_salad.png,"Mediterranean crunch salad with cucumber, romaine, rocca, olives, tomatoes, rosemary garlic chicken, and lemon-garlic dressing.","Dice cucumber, cherry tomatoes, red pepper, and red onion.
Grill or pan-sear Rosemary Garlic Chicken (Base) until golden then in the oven for 20 minutes exactly, then Rest and slice.
Toss romaine, rocca, vegetables, basil, olives, walnuts, and pumpkin seeds. Top with chicken.
Serve dressing on the side."
"Pan Seared Hamour",Meal,"Cumin Seeds:1 | Garlic (Raw):5 | Hamour Fillet:150 | Lemon Juice:10 | Olive Oil:5 | Roasted Mixed Vegetables (Base):100 | Steamed Basmati Rice (Base):70",350,35,35,7.8,,,,,false,,Balanced,,"Fish, Nightshades",images/meals/pan_seared_hamour.png,"Pan-seared hamour with cumin and garlic, served over steamed basmati rice and roasted mixed vegetables.","1. Prepare Roasted Mixed Vegetables (Base) and Steamed Basmati Rice (Base) per base recipe instructions.
2. Season hamour with cumin seeds, garlic, lemon juice, and olive oil.
3. Pan-sear hamour until golden and cooked through.
4. Serve hamour over rice with roasted mixed vegetables on the side."
"Persian Herb Beef Stew",Meal,"Beef Chuck Roast:150 | Ghormeh Sabzi Stew (Base):189 | Steamed Basmati Rice (Base):70",360,36,27,12,,,,,false,,NutrientDense,,"Beans, G6PD Trigger",images/meals/persian_herb_beef_stew.png,"Slow-simmered beef and cannellini beans finished with a classic Persian sabzi — chard, parsley, coriander, dill, spinach, fenugreek, and purslane wilted in olive oil — served over steamed basmati rice.","Prepare Ghormeh Sabzi Stew (Base) and Steamed Basmati Rice (Base) per base recipe instructions; keep both hot.
Brown beef chuck cubes in a little olive oil; add water to cover and simmer 60–90 minutes until tender. Season lightly.
Portion steamed rice, beef, and sabzi stew per kitchen gram targets for the calorie tier.
Serve rice with beef and ghormeh sabzi stew spooned over or alongside."
"Butternut Squash Soup",Soup,"Black Pepper:2 | Butternut Squash:1000 | Garlic:10 | Homemade Coconut Milk:100 | Nutmeg:1 | Olive Oil:20 | Psyllium Husks:150 | Pumpkin Seeds:30 | Water (Filtered):150 | White Onion:80",350,35,35,7.8,1489,21.5,269.2,43,true,10,,,,images/meals/pumpkin_soup.png,"A silky velvet roasted pumpkin soup blended with light coconut cream, spices, and psyllium husks for fiber.","1. Sauté onion in oil until soft.
2. Add cubed squash and stock. Simmer until squash is very tender (20 min).
3. Blend until smooth. Whisk in psyllium husks (1 tablespoon / 15 g per serving). Season with spices from recipe.
4. Reheat gently and portion."
"Roasted Eggplant Rocca Salad","Side Salad","Cherry Tomatoes:30 | Classic Lemon Garlic Dressing (Base):12 | Eggplant:115 | Pomegranate Seeds:8 | Rocca:70 | Sesame Seeds:6",350,35,35,7.8,,,,,false,1,,,"Nightshades, Sesame",images/meals/roasted_eggplant_rocca_salad.png,"Oven-roasted globe eggplant cubes and blistering cherry tomatoes tossed with peppery rocca leaves","Cube eggplant and roast at 200°C with a little oil until soft and golden (25 min).
Halve cherry tomatoes and toss with rocca.
Combine with warm eggplant and pomegranate seeds.
Serve dressing on the side."
"Rosemary Chicken Rocca Salad",Meal,"Cucumber:55 | Garlic (Raw):3 | Purslane:40 | Red Pepper Dressing (Base):20 | Roasted Cherry Tomato (Base):45 | Rocca:50 | Rosemary (Fresh):2 | Rosemary Garlic Chicken (Base):150 | Walnuts:6",350,35,35,7.8,,,,,false,,,,"G6PD Trigger, Nightshades, Nuts",images/meals/rosemary_chicken_rocca_salad.png,"Juicy rosemary-garlic chicken over rocca, purslane, cucumber, and roasted cherry tomatoes with red pepper dressing.","Grill or pan-sear Rosemary Garlic Chicken (Base) until golden then in the oven for 20 minutes exactly, then Rest and slice.
Toss rocca, purslane, cucumber, and cherry tomatoes in a bowl.
Top with chicken and walnuts.
Serve dressing on the side."
"Salmon Cashew Cream & Roasted Vegetabls",Meal,"Garlic:5 | Lemon Juice:5 | Roasted Mixed Vegetables (Base):100 | Salmon (Raw):150",350,35,35,7.8,,,,,false,,Balanced,,"Fish, Nightshades",images/meals/salmon_cashew_cream.png,"A premium pan-roasted salmon fillet smothered in a rich","dairy-free garlic cashew cream reduction"
"Turmeric Chicken Kale Salad",Meal,"Avocado:6.75 | Broccoli:60 | Chicken Breast:150 | Fresh Coriander:5 | Kale:159.2286 | Pumpkin Seeds:12.991 | Turmeric Lemon Dressing (Base):20",350,35,35,7.8,,,,,false,1,,,Sesame,images/meals/turmeric_chicken_kale_salad.png,"Golden turmeric chicken over massaged kale with avocado, broccoli, seeds, and turmeric lemon dressing.","Rub chicken with half the turmeric lemon dressing as a marinade. Grill or pan-sear chicken until golden then in the oven for 20 minutes exactly, then Rest and slice.
Massage kale until tender. Blanch or lightly steam broccoli until bright and just tender.
Toss kale and broccoli with avocado, coriander, and pumpkin seeds. Top with warm turmeric chicken.
Serve dressing on the side."
"Baked Eggplant Lentils Hummus",Meal,"Creamy Cumin Hummus (Base):40 | Eggplant:150 | French Lentils:35 | Olive Oil (Extra Virgin):3 | Roasted Cherry Tomato (Base):30 | Rocca:20 | Sea Salt:1 | Wild Rice (Cooked):60 | cumin powder:2",350,35,35,7.8,,,,,false,,,,"Beans, G6PD Trigger, Nightshades, Sesame",images/meals/baked_eggplant_lentils_hummus.png,"Tender baked globe eggplant slices paired with seasoned French lentils and wild rice over a bed of silky house hummus.","1. Preheat oven to 200°C (400°F). Slice 150g eggplant into uniform 1 cm rounds. Lightly brush with 3g olive oil, season with half the sea salt and 1g cumin powder, and roast on a parchment-lined tray for 20–22 minutes until tender and caramelized.
2. Rinse 35g French lentils. In a small saucepan, bring 80ml water to a boil, add lentils, cover, and simmer over low heat for 18–20 minutes until tender with a slight al dente bite. Drain any remaining liquid, then fold in 1g cumin powder and a pinch of salt.
3. Spread 40g of Creamy Cumin Hummus (Base) across the bottom of the plate or meal bowl.
4. Spoon 60g warm Wild Rice (Cooked) and the seasoned warm French lentils directly over the hummus bed.
5. Neatly shingle the baked eggplant rounds over the grains. Top with 30g warm Roasted Cherry Tomato (Base) and fresh rocca leaves."
"Beef Bibimbap",Meal,"Beef Ground:150 | Bok Choy:50 | Carrots:40 | Chard:15 | Cooked Quinoa (Base):84 | Egg:55 | Garlic (Raw):3 | Sesame Seeds:12 | Spring Onion:18 | Zucchini:40",360,36,27,12,,,,,false,,"Balanced, NutrientDense",,"Eggs, Sesame",images/meals/beef_bibimbap.png,"Korean-style bowl with seasoned lean ground beef, soft egg, and sautéed spinach, bok choy, carrots, and zucchini over quinoa, finished with sesame seeds.","Prepare Cooked Quinoa (Base) per base recipe instructions; keep warm.
Brown ground beef with garlic in a pan. Season lightly.
Sauté spinach, carrots, zucchini, and bok choy separately until tender.
Fry eggs sunny-side up.
Layer quinoa, vegetables, and beef in a bowl. Top with egg and sesame seeds."
"Beef Shawarma Platter",Meal,"Beef Shawarma (Base):112 | Creamy Cumin Hummus (Base):70 | Cucumber:40 | Cucumber Pickle (Base):25 | Fire Roasted Tomatoes (Base):50 | Olive Oil (Extra Virgin):5 | Parsley:5",350,35,35,7.8,,,,,false,1,NutrientDense,,"Nightshades, Sesame",images/meals/beef_shawarma_platter.png,"Shredded beef shawarma with house hummus, fresh cucumber, grilled tomato, pickle, olive oil, and parsley.","Prepare Beef Shawarma (Base), Creamy Cumin Hummus (Base), Cucumber Pickle (Base), and Fire Roasted Tomatoes (Base) per base recipe instructions.
Plate hummus, drizzle with olive oil, and garnish with parsley.
Add shredded beef shawarma, fresh cucumber slices, grilled tomato, and cucumber pickle."
"Beef White Bean Stew",Meal,"Beef Chuck Roast:150 | Carrots:30 | Celery:20 | Cooked Cannellini Beans (Base):110 | Dill (Fresh):10 | Fresh Coriander:10 | Garlic:5 | Marinara Sauce (Base):80 | Olive Oil:5 | Parsley:10",350,35,35,7.8,,,,,false,1,,,"Beans, G6PD Trigger, Nightshades",images/meals/beef_white_bean_stew.png,"A rich, thick slow-simmered stew of tender beef chuck, cooked cannellini beans, carrots, celery, garlic, dill, coriander, and parsley in a savory marinara base.","Prepare Cooked Cannellini Beans (Base) per base recipe instructions; set aside.
Sear cubed beef chuck roast in olive oil until deeply browned; transfer to a heavy pot.
Sauté diced carrots, celery, and minced garlic until softened.
Add Marinara Sauce (Base) and enough water to barely cover the beef; simmer on low 60–90 minutes until the beef is tender.
Fold in cooked cannellini beans, chopped dill, coriander, and parsley; simmer 10 minutes more until heated through and fragrant.
Season to taste and serve."
"Crispy Scallion Ginger Salmon",Meal,"Garlicky Green Beans (Base):85 | Ginger (Raw):10 | Salmon (Raw):150 | Sesame Oil:5 | Spring Onion:20 | Tamari Sauce:5",358,28.3,10,22.9,,,,,false,1,Balanced,,"Fish, G6PD Trigger, Sesame, Soy",images/meals/crispy_scallion_ginger_salmon.png,"Pan-roasted salmon topped with sizzled ginger and scallion matchsticks, served with garlicky green beans.","Prepare Garlicky Green Beans (Base) per base recipe instructions.
Pat salmon dry. Pan-sear salmon 4 minutes per side until crisp.
In a small pan, sizzle sesame oil with ginger and spring onion matchsticks; spoon over salmon.
Drizzle with tamari. Serve with garlicky green beans."
"Deconstructed Shakshuka Skillet",Breakfast,"Bell Pepper (Red):16 | Egg:134 | Fresh Coriander:4 | Garlic (Raw):4 | Olive Oil:5 | Smoked Paprika:1 | Tomato (Raw):39.7776 | White Onion:5.2",350,35,35,7.8,,,,,false,1,Balanced,,"Eggs, Nightshades",images/meals/deconstructed_shakshuka_skillet.png,"Two soft-cooked eggs nestled in a rich tomato-pepper skillet with smoked paprika and fresh coriander.","1. Sauté onion and pepper in olive oil until soft (5 min).
2. Add crushed tomato and spices. Simmer 8–10 minutes.
3. Make small wells in the sauce. Crack eggs into the wells.
4. Cover and cook on low until whites are set (5–7 min).
5. Serve straight from the pan."
"Eggplant Beef Stew Quinoa Bread",Meal,"Beef Chuck Roast:150 | Eggplant:120 | Garlic:5 | Marinara Sauce (Base):80 | Olive Oil:5 | Quinoa Flatbread (Base):97.5 | White Onion:30",350,35,35,7.8,,,,,false,1,NutrientDense,,Nightshades,images/meals/eggplant_beef_stew_quinoa_bread.png,"A rustic slow-cooked stew of tender cubed beef chuck and melting globe eggplants in a savory tomato reduction, served with quinoa bread.","served with a dense slice of quinoa bread."
"Sumac Beef Baba Ghanoush",Meal,"Beef Ribeye:120 | Cauliflower:80 | Dill (Fresh):3 | Eggplant Dip (Mutabal) (Base):90 | Parsley:5 | Pickled Red Onion (Base):25 | Pomegranate Seeds:15 | Sumac:2 | Walnuts:8",350,35,35,7.8,,,,,false,1,NutrientDense,,"Nightshades, Sesame",images/meals/sumac_beef_baba_ghanoush.png,"Sumac-seared beef ribeye over smoky eggplant mutabal with roasted cauliflower, pickled red onion, pomegranate, parsley, and dill.","1. Prepare Eggplant Dip (Mutabal) (Base) and Pickled Red Onion (Base) per base recipe instructions.
2. Toss cauliflower florets with a little olive oil and roast at 200°C until tender and lightly charred (18–22 min).
3. Season beef ribeye with sumac and salt. Sear in olive oil over high heat until browned outside and cooked to preferred doneness; rest, then slice.
4. Spoon mutabal into a bowl. Add roasted cauliflower, pickled red onion, pomegranate seeds, parsley, dill, and walnuts.
5. Top with sliced sumac-seared ribeye and serve."
"Thai Rainbow Peanut Salad","Side Salad","Bell Pepper (Red):35 | Cabbage (Purple):80 | Carrots:45 | Cucumber:45 | Fresh Coriander:5 | Peanut Butter Dressing (Base):15 | Peanuts (Crushed):5 | Red Onion:12",350,35,35,7.8,,,,,false,1,,,"Nightshades, Nuts, Sesame, Soy, Spicy",images/meals/thai_rainbow_peanut_salad.png,"Crunchy rainbow salad of shredded purple cabbage, carrots, cucumber, and peppers with crushed peanuts — packed for a 500 ml bowl with peanut butter dressing on the side.","1. Finely shred the purple cabbage. Julienne the carrots. Cut cucumber into matchsticks or thinly sliced half-moons. Cut red pepper into thin strips. Very thinly shave the red onion. Chop the coriander. Use roasted unsalted crushed peanuts.
2. Toss cabbage, carrots, cucumber, red pepper, red onion, coriander, and crushed peanuts. Portion into a 500 ml container.
3. Serve Peanut Butter Dressing (Base) on the side in a 20 ml cup."
"Butternut Squash Frittata",Breakfast,"Butternut Squash:200 | Chickpea Flour:15 | Dill (Fresh):10 | Eggs (Large):200 | Greek Yogurt:40 | Gruyere Cheese:35 | Marinara Sauce (Base):80 | Olive Oil:10 | Paprika:1 | Red Onion:35",350,35,35,7.8,,,,,false,1,Balanced,,"Beans, Dairy, Eggs, G6PD Trigger, Nightshades",images/meals/butternut_squash_fritters_eggs_marinara.png,"Roasted butternut squash frittata with gruyère, chickpea flour, dill, and Greek yogurt — topped with fried eggs and warm marinara on the side.","1. Preheat the oven to 180°C (350°F).
2. Cut butternut squash into 2 cm cubes. Toss with half the olive oil, paprika, and sea salt. Roast on a tray until tender and lightly golden (25–30 min).
3. Dice red onion (or thinly slice spring onion). Sauté in the remaining olive oil in an oven-safe skillet until softened (4–5 min).
4. Whisk two large eggs with Greek yogurt, chickpea flour, chopped dill, and half the shredded gruyère. Fold in roasted squash and sautéed onion.
5. Pour into the skillet, scatter the remaining gruyère on top, and bake until the centre is just set (15–18 min).
6. Fry two large eggs in a little olive oil until whites are crisp and yolks are runny.
7. Prepare Marinara Sauce (Base) per base recipe instructions. Warm and serve on the side.
8. Top the frittata with fried eggs and serve with marinara."
"Chia Pudding Smoothie",Dessert,"Banana:25 | Coconut Chia Pudding (Base):120 | Strawberries:30",350,35,35,7.8,,,,,false,1,,,,images/meals/chia_pudding_smoothie.png,"Layered coconut chia pudding with a strawberry-banana smoothie top.","Prepare Coconut Chia Pudding (Base) ahead and chill until thick.
Spoon the set pudding into the bottom of a glass or jar.
Blend strawberries and banana until smooth.
Pour the fruit smoothie over the chia layer. Serve chilled."
"Chicken Thai Mango Salad",Meal,"Cabbage (Purple):75 | Cashew Nuts:10 | Cherry Tomatoes:40 | Chicken Breast:150 | Cucumber:45 | Fresh Coriander:5 | Mango:55 | Peanut Butter Dressing (Base):20 | Red Onion:15",350,35,35,7.8,,,,,false,1,,,"Nightshades, Nuts, Sesame, Soy, Spicy",images/meals/chicken_thai_mango_salad.png,"Grilled chicken breast with mango, purple cabbage, cucumber, cherry tomatoes, and cashew nuts — peanut butter dressing on the side.","Grill or pan-sear chicken until golden then in the oven for 20 minutes exactly, then Rest and slice thinly.
Shred cabbage; slice mango, cucumber, tomatoes, and red onion.
Toss vegetables with coriander.
Top with chicken and cashew nuts.
Serve dressing on the side."
"Chili Beef Stuffed Peppers",Meal,"Beef Ground Lean:130 | Beef Liver:20 | Bell Pepper (Red):105 | Chili Powder:2 | Cooked Quinoa (Base):80 | Fermented Beetroot (Base):50 | Garlic (Raw):4 | Olive Oil:2 | Parsley:8 | Purslane:40 | Spinach (Fresh):40 | Sunflower Seeds:10 | Tomato (Raw):55 | White Onion:28",360,36,27,12,,,,,false,1,Balanced,,Nightshades,images/meals/chili_beef_stuffed_peppers.png,"Sweet bell peppers stuffed with savory beef, liver, and quinoa.","1. Prepare Cooked Quinoa (Base) and Fermented Beetroot (Base) per base recipe instructions.
2. Brown ground beef and beef liver with onion and garlic. Stir in chili powder, diced tomato, parsley, and spinach until wilted.
3. Fold in cooked quinoa. Halve peppers, remove seeds, and stuff with the mixture.
4. Bake at 190°C for 25–30 minutes until peppers are soft.
5. Plate stuffed peppers with purslane, fermented beetroot, and sunflower seeds on the side."
"Chocolate PB Banana Muffin",Dessert,"Almond Flour (Base):72 | Baking Soda:2.5 | Banana:200 | Cocoa Powder:20 | Egg:100 | Maple Syrup:40 | Peanut Butter:85 | Sea Salt:0.5",135,5.2,13.3,8.5,1399,54.4,119.1,92.5,true,6,"Balanced, NutrientDense",,"Eggs, Nuts",images/meals/choc_pb_banana_muffin.png,"Realistic grain-free chocolate peanut-butter banana muffins (batch of 6) with almond flour, cocoa, maple syrup, and whole eggs — one muffin per serving (~233 kcal).","Prep time: 10 mins | Bake time: 18–20 mins | Equipment: 6-cup muffin tin, muffin liners.

1. Prep the oven: Preheat to 175°C (350°F) and line a 6-cup muffin tin with paper liners.
2. Mix the wets: In a medium bowl, vigorously whisk the mashed bananas (200g), eggs, peanut butter, and maple syrup together until smooth and completely combined.
3. Add the dries: Sift in the almond flour, cocoa powder, baking soda, and salt. Stir gently with a spatula just until the batter comes together and no dry pockets of flour remain.
4. Bake: Divide the batter evenly among the 6 muffin cups. Bake for 18 to 20 minutes, or until the tops spring back when lightly touched and a toothpick inserted into the center comes out clean.
5. Cool: Let them cool in the pan for 5 minutes, then transfer to a wire rack to cool completely. One muffin is one serving."
"Cinnamon Raisin Balls",Dessert,"Almond Butter:22 | Almond whole:8 | Cinnamon:3 | Medjool Dates:14 | Raisins:8 | Walnuts:18",350,35,35,7.8,369,9.7,27.6,28,true,7,Balanced,,Nuts,images/meals/cinnamon_raisin_balls.png,"No-bake snack bites blending soft Medjool dates, raisins, walnuts, almond butter, and cinnamon.","Combine dates or binder, raisins, nuts, and cinnamon in a food processor.
Pulse until mixture holds together.
Roll into balls. Refrigerate until firm."
"Citrus Beet Arugula Salad","Side Salad","Arugula:80 | Beetroot:60 | Classic Lemon Garlic Dressing (Base):15 | Cucumber:40 | Fresh Mint:3 | Orange Sections:40 | Walnuts:6",350,35,35,7.8,,,,,false,1,,,Nuts,images/meals/citrus_beet_arugula_salad.png,"Roasted beet and citrus salad on a generous arugula bed with cucumber, walnuts, and mint — packed for a 500 ml bowl with lemon-garlic dressing on the side.","1. Roast or boil beetroot until tender. Cool, peel, and slice or wedge. Supreme or peel the orange into segments. Thinly slice cucumber into half-moons. Lightly toast and roughly chop the walnuts. Tear the mint leaves.
2. Portion arugula into a 500 ml container as an airy bed. Top with beets, orange segments, cucumber, walnuts, and mint.
3. Serve Classic Lemon Garlic Dressing (Base) on the side in a 20 ml cup."
"Kuku Sabzi Egg Muffins",Breakfast,"Barberries:5 | Black Pepper:1 | Dill (Fresh):4 | Egg:110 | Fresh Coriander:8 | Olive Oil:4 | Purslane:15 | Rocca:10 | Sea Salt:1 | Spinach (Fresh):40 | Spring Onion:15 | Walnuts:8",350,35,35,7.8,,,,,false,1,Balanced,,"Eggs, Nuts",images/meals/kuku_sabzi_egg_muffins.png,"Traditional Persian-style baked egg muffins packed with minced fresh herbs, walnuts, barberries (zereshk), and seasoning.","1. Heat oven to 180°C (350°F). Brush a muffin tin with olive oil.
2. Finely mince spinach, fresh coriander, dill, and spring onion.
3. Whisk eggs with sea salt and black pepper until frothy.
4. Fold in the minced herbs, spring onion, chopped walnuts, and barberries (zereshk).
5. Divide between muffin cups, filling about three-quarters full. Bake 18–22 minutes until set in the centre.
6. Cool 5 minutes before removing. Serve warm or at room temperature."
"Strawberry Almond Chia Pudding",Dessert,"Almond whole:5 | Coconut Chia Pudding (Base):120 | Sesame Seeds:10 | Strawberries:4",350,35,35,7.8,,,,,false,1,,,Nuts,images/meals/strawberry_almond_chia_pudding.png,"Coconut chia pudding with fresh strawberries and almonds.","Prepare Coconut Chia Pudding (Base) ahead (chia, coconut milk, and date syrup) and chill until thick.
Spoon the set pudding into a bowl or jar.
Fold in sliced strawberries and almonds.
Serve chilled."
"Peach Pecan Chia Pudding",Dessert,"Cinnamon:0.5 | Coconut Chia Pudding (Base):120 | Fresh Mint:2 | Peach:6.6926 | Pecans:5 | Sesame Seeds:8",350,35,35,7.8,,,,,false,1,,,Nuts,images/meals/peach_pecan_chia_pudding.png,"Coconut chia pudding with sweet peach, pecans, cinnamon, and mint.","Prepare Coconut Chia Pudding (Base) ahead (chia, coconut milk, and date syrup) and chill until thick.
Spoon the set pudding into a bowl or jar.
Top with sliced peach, pecans, cinnamon, and mint.
Serve chilled."
"Raspberry Cacao Chia Pudding",Dessert,"Cacao Nibs:4 | Cocoa Powder:2 | Coconut Chia Pudding (Base):120 | Pumpkin Seeds:4 | Raspberries:6.692 | Sesame Seeds:8",350,35,35,7.8,,,,,false,1,,,,images/meals/raspberry_cacao_chia_pudding.png,"Dark cacao coconut chia pudding with raspberries and cacao nibs.","Prepare Coconut Chia Pudding (Base) ahead (chia, coconut milk, and date syrup) and chill until thick.
Spoon the set pudding into a bowl or jar.
Fold in raspberries, cacao nibs, and cocoa powder.
Serve chilled."
"Shaved Fennel Rocca Salad","Side Salad","Classic Lemon Garlic Dressing (Base):12 | Fennel Bulb:6.9356 | Feta:7.5752 | Orange Sections:5.9576 | Pomegranate Seeds:7.1808 | Rocca:381 | Sesame Seeds:8 | Walnuts:6",350,35,35,7.8,,,,,false,1,,,"Dairy, Nuts, Sesame",images/meals/shaved_fennel_rocca_salad.png,"Ultra-crisp shaved fennel and rocca with orange, pomegranate, walnuts, and crumbled goat feta.","Shave fennel very thin with a mandoline or sharp knife.
Toss fennel, rocca, orange segments, pomegranate, and walnuts together.
Crumble goat feta over the top.
Serve immediately.
Serve dressing on the side."
"Coconut Grapefruit Salad","Side Salad","Broccoli:40 | Coconut Meat:7 | Cucumber:40 | Grapefruit Lime Dressing (Base):15 | Grapefruit Sections:55 | Pomegranate Seeds:10 | Red Onion:10 | Romaine Lettuce:60",350,35,35,7.8,,,,,false,1,,,,images/meals/coconut_grapefruit_salad.png,"Chopped romaine with shaved broccoli, grapefruit, cucumber, pomegranate, red onion, and coconut — packed for a 500 ml bowl with grapefruit-lime dressing on the side.","1. Chop the romaine. Finely chop or shave raw broccoli florets. Peel grapefruit into supremes/segments. Slice cucumber into half-moons. Very thinly shave the red onion. Shave coconut meat into ribbons.
2. Toss romaine and broccoli with grapefruit, cucumber, red onion, and pomegranate seeds. Top with coconut. Portion into a 500 ml container.
3. Serve Grapefruit Lime Dressing (Base) on the side in a 20 ml cup."
"Craft Shrimp Avocado Bowl",Meal,"Avocado:30 | Black Pepper:0.5 | Cherry Tomatoes:50 | Cooked Quinoa (Base):85 | Lime Juice:10 | Olive Oil:5 | Sea Salt:0.5 | Shrimp (Raw):150 | Spinach (Fresh):30",350,35,35,7.8,,,,,false,1,,,"Nightshades, Shellfish",images/meals/craft_shrimp_avocado_bowl.png,"Sautéed shrimp over warm quinoa with avocado, wilted spinach, cherry tomatoes, and lime.","1. Prepare Cooked Quinoa (Base) per base recipe instructions; keep warm.
2. Season raw shrimp with sea salt and black pepper. Heat olive oil in a pan over medium-high heat.
3. Sauté shrimp 1–2 minutes per side until pink and curled. Remove from heat.
4. Wilt spinach in the same pan with a splash of water (30 seconds). Halve cherry tomatoes.
5. Assemble bowl with quinoa, spinach, tomatoes, and sliced avocado. Top with shrimp and a squeeze of lime juice."
"Hummus Belaham wit Beet Salad",Meal,"Almond whole:5 | Beetroot:40 | Cherry Tomato:10 | Creamy Cumin Hummus (Base):50 | Quinoa Flatbread (Base):97.5 | Rocca:30 | Spiced Aleppo Ground Beef (Base):150",350,35,35,7.8,,,,,false,,,,"Beans, G6PD Trigger, Nightshades, Nuts, Sesame",images/meals/hummus_belaham.png,"Creamy cumin hummus topped with warm Aleppo-spiced ground beef, served with quinoa bread and a fresh beet, rocca, and cherry tomato salad.","Prepare Creamy Cumin Hummus (Base) per base recipe instructions; spread in a shallow bowl.
Warm Spiced Aleppo Ground Beef (Base) and spoon over the hummus.
Toss beetroot, rocca, cherry tomatoes, and almonds for the beet salad.
Warm Quinoa Flatbread (Base) per base recipe instructions.
Serve hummus belaham with beet salad and quinoa bread."
"Lemon Chicken Eggplant",Meal,"Bell Pepper (Red):50 | Cherry Tomatoes:40 | Chicken Breast:150 | Eggplant Dip (Mutabal) (Base):90 | Fresh Oregano:5 | Fresh Parsley:5 | Garlic (Raw):5 | Lemon Juice:15 | Lemon Slices:40 | Olive Oil:5 | Purslane:45 | Zucchini Almond Bread (Base):45",350,35,35,7.8,,,,,false,1,,,Nightshades,images/meals/lemon_chicken_eggplant.png,"Lemon chicken skewers with lemon slices between the pieces, served over smoky babaghanoush (mutabal) with toasted zucchini almond bread.","Prepare Eggplant Dip (Mutabal) (Base) and Zucchini Almond Bread (Base) per base recipe instructions. Toast the bread and keep warm.
Cut chicken breast into cubes. Slice lemon into thin rounds.
Thread the chicken onto skewers, alternating with lemon slices between the chicken pieces.
Whisk lemon juice, olive oil, minced garlic, and fresh oregano. Brush the skewers with the marinade.
Grill or pan-sear the skewers until golden, then finish in the oven for 20 minutes exactly. Rest.
Warm cherry tomatoes and diced red pepper in the pan for 2–3 minutes. Finish with fresh parsley.
Serve the lemon chicken skewers over mutabal with peppers, tomatoes, purslane, and toasted zucchini almond bread."
"Moroccan Meatballs",Meal,"Beef Ground Lean:150 | Cooked Quinoa (Base):80 | Garlic (Raw):3 | Olive Oil (Extra Virgin):4 | Parsley:8 | Pine Nuts:8 | Pomegranate Molasses:10 | Pomegranate Seeds:12 | Ras El Hanout (Base):3 | White Onion:30",350,35,35,7.8,,,,,false,1,,,Nightshades,images/meals/moroccan_meatballs.png,"Hand-rolled lean ground beef meatballs spiced with warm North African cumin","Mix ground beef with garlic, grated onion, and Ras El Hanout (Base); roll into meatballs.
Brown meatballs in olive oil until golden all over. Set aside.
Prepare Marinara Sauce (Base) per base recipe instructions. Return meatballs to the sauce and simmer until cooked through."
"Okra Beef Curry",Meal,"Fresh Coriander:5 | Lemon Slices:15 | Okra Beef Curry (Base):332 | Steamed Basmati Rice (Base):70",350,35,35,7.8,,,,,false,,NutrientDense,,Nightshades,images/meals/okra_beef_curry.png,"Slow-braised beef and okra in from-scratch homemade tomato curry finished with garlic-coriander tadka, served over steamed basmati rice with lemon and fresh coriander.","1. Prepare Okra Beef Curry (Base) per base recipe instructions; keep hot.
2. Prepare Steamed Basmati Rice (Base) per base recipe instructions.
3. Portion beef, okra, and sauce separately from the stew.
4. Plate rice, arrange beef and okra, and ladle sauce over.
5. Serve with a lemon wedge and chopped fresh coriander."
"Pesto Chicken Koosa Noodles",Meal,"Basil Pesto (House):25 | Black Pepper:1 | Cherry Tomatoes:45 | Chicken Breast:150 | Olive Oil:5 | Pumpkin:150 | Zucchini:200",350,35,35,7.8,,,,,false,1,,,Nightshades,images/meals/pesto_chicken_koosa_noodles.png,"Pesto-tossed koosa noodles with pan-seared chicken, roasted pumpkin cubes, and blistered cherry tomatoes.","Preheat oven to 200°C. Dice pumpkin into 2 cm cubes, toss with half the olive oil, and roast until tender and golden at the edges (20–25 min).
Spiralize zucchini into koosa noodles (or cut thin ribbons with a peeler). Pat dry.
Season chicken breast with sea salt and black pepper. Heat the remaining olive oil in a pan over medium-high heat.
Pan-sear chicken until golden, then finish in the oven for 20 minutes exactly. Rest and slice.
In the same pan, blister cherry tomatoes for 2–3 minutes. Add koosa noodles and toss 1–2 minutes until just tender.
Prepare Basil Pesto (House) per base recipe instructions. Toss noodles and tomatoes with pesto.
Plate roasted pumpkin cubes, pesto koosa noodles, and sliced chicken. Finish with black pepper."
"Saffron Pumpkin Muffin",Dessert,"Almond Flour (Base):25 | Butternut Squash:35 | Cinnamon:9 | Egg:55 | Honey (Raw):10 | Saffron Threads:1",350,35,35,7.8,,,,,false,1,"Balanced, NutrientDense",,"Eggs, Nuts",images/meals/saffron_pumpkin_muffin.png,"A moist artisan breakfast muffin infusing pure local saffron water with organic pumpkin purée","1. Heat oven to 180°C. Line a muffin tin.
2. Mix pumpkin, eggs, saffron, and dry ingredients.
3. Divide into cups. Bake 18–22 minutes until springy.
4. Cool before serving."
"Salmon Turmeric Rice",Meal,"Fresh Parsley:5 | Garlic (Raw):5 | Lemon Juice:5 | Mushrooms:45 | Olive Oil (Extra Virgin):5 | Salmon (Raw):150 | Sun-dried Tomato:10 | Turmeric Rice (Base):110",360,29.3,14.4,21.3,,,,,false,1,Balanced,,"Fish, Nightshades",images/meals/salmon_turmeric_rice.png,"Pan-seared salmon over golden turmeric rice with sautéed mushrooms and sun-dried tomatoes.","Prepare Turmeric Rice (Base) per base recipe instructions.
Sauté sliced mushrooms, chopped sun-dried tomatoes, and garlic in olive oil until golden and aromatic.
Season salmon with lemon juice, parsley, and olive oil. Pan-sear until cooked through.
Serve salmon over turmeric rice with the sun-dried tomato and mushroom sauté alongside."
"Slow Cooked Beef and Mint Basil Koosa",Meal,"Beef Chuck Roast:150 | Black Pepper:2 | Cinnamon:2 | Garlic:5 | Marinara Sauce (Base):80 | Nutmeg:2 | Olive Oil:5 | Rosemary (Fresh):10 | Sauteed Mint Basil Koosa (Base):140 | Sea Salt:9 | Thyme (Fresh):10 | White Onion:30",350,35,35,7.8,,,,,false,,,,Nightshades,images/meals/slow_cooked_beef_koosa.png,"Tender shredded slow-braised beef chuck chucks served with gold-seared koosa squash coins tossed in a fresh rustic mint-basil knife pesto.","Slow-braise beef chuck roast with chopped onions, garlic, and your rich house tomato sauce base for 8 to 10 hours until meltingly tender.
Shred the finished warm chuck beef back into its natural rendering braising liquors to absorb clean moisture.
Sauté koosa squash slices in extra virgin olive oil until deeply golden, then toss with hand-chopped mint-basil walnut knife pesto.
Layer the pesto koosa coins neatly inside one half of the responsive container query shell.
Plate the shredded braised beef directly adjacent to the vegetable layer, pouring the concentrated reduction juices over the meat."
"Spiced Cauliflower Chickpea Salad","Side Salad","Cauliflower Florets:95 | Cherry Tomatoes:35 | Cooked Chickpeas (Base):50 | Cumin Seeds:2 | Red Onion:15 | Romaine Lettuce:40 | Smoked Paprika:1 | Spiced Lemon Dressing (Base):12",360,36,27,12,,,,,false,1,,,"Beans, G6PD Trigger, Nightshades",images/meals/spiced_cauliflower_chickpea_salad.png,"Oven-roasted cauliflower florets and crispy chickpeas dusted with cumin and paprika.","Prepare Cooked Chickpeas (Base) per base recipe instructions.
Toss cauliflower with cumin, paprika, and half the dressing.
Roast at 200°C for 22 minutes. Add cooked chickpeas for the last 10 minutes.
Toss roasted vegetables with tomatoes and red onion.
Serve over romaine.
Serve remaining dressing on the side."
"Spiced Crunch Chia Pudding",Dessert,"Almond whole:3 | Black Seeds:2 | Cinnamon:1.5 | Clove:0.5 | Coconut Chia Pudding (Base):120 | Ground Ginger:1 | Pumpkin Seeds:4 | Sesame Seeds:12",350,35,35,7.8,,,,,false,1,,,"Nuts, Sesame",images/meals/spiced_crunch_chia_pudding.png,"Warming spiced coconut chia pudding topped with almonds, black seeds, and sesame.","Prepare Coconut Chia Pudding (Base) ahead (chia, coconut milk, and date syrup) and chill until thick.
Spoon the set pudding into a bowl or jar.
Stir cinnamon, clove, and ginger through the pudding.
Top with chopped almonds, black seeds, and sesame seeds.
Serve chilled."
"Sweet Potato Egg Hash",Breakfast,"Bell Pepper (Red):50 | Black Pepper:1 | Egg:50 | Egg White:60 | Flaxseeds:2 | Fresh Coriander:3 | Olive Oil:5 | Rosemary (Fresh):1 | Sea Salt:1 | Spinach (Fresh):30 | Sweet Potato:120 | Thyme (Fresh):1 | White Onion:50",350,35,35,7.8,,,,,false,1,Balanced,,"Eggs, Nightshades",images/meals/sweet_potato_egg_hash.png,"Rosemary-thyme roasted sweet potato hash with sautéed onion, pepper, and spinach, finished with softly scrambled egg and egg whites plus flaxseeds.","1. Preheat oven to 200°C. Toss diced sweet potato with half the olive oil, rosemary, thyme, sea salt, and black pepper. Roast until tender (25–30 min).
2. Heat the remaining olive oil in a frying pan. Sauté diced onion and red bell pepper until softened (4–5 min), then wilt in the spinach (1–2 min).
3. Add roasted sweet potato and toss to combine.
4. Beat the whole egg with the egg whites, pour into the pan, and scramble gently over medium-low heat until just set.
5. Finish with fresh coriander and flaxseeds, and serve hot."
"Tandoori Chicken Salad",Meal,"Cashew Nuts:10 | Celery:20 | Cherry Tomatoes:80 | Cucumber:45 | Fresh Coriander:5 | Fresh Mint:5 | Mint Coconut Chutney Dressing (Base):15 | Pomegranate Seeds:10 | Red Onion:10 | Romaine Lettuce:50 | Tandoori Chicken (Base):150",350,35,35,7.8,,,,,false,1,,,"Nightshades, Nuts, Soy, Spicy",images/meals/tandoori_chicken_salad.png,"Lean chicken breast strips marinated in bold tandoori spices and grilled","Grill or pan-sear Tandoori Chicken (Base) until golden then in the oven for 20 minutes exactly, then Rest and slice.
Toss romaine, cucumber, celery, about 8 halved cherry tomatoes, onion, herbs, and pomegranate.
Top with chicken and cashews.
Serve dressing on the side."
"Tandoori Coconut Mint Salad",Meal,"Black Seeds:1 | Cashew Nuts:10 | Celery:25 | Cherry Tomatoes:45 | Cucumber:45 | Fresh Coriander:5 | Fresh Mint:10 | Mint Coconut Chutney Dressing (Base):20 | Pomegranate Seeds:15 | Red Onion:10 | Romaine Lettuce:50 | Tandoori Chicken (Base):150",350,35,35,7.8,,,,,false,1,,,"Nightshades, Nuts, Soy, Spicy",images/meals/tandoori_coconut_mint_salad.png,"Grilled tandoori chicken breast slices tossed over romaine lettuce and mint leaves","Grill or pan-sear Tandoori Chicken (Base) until golden then in the oven for 20 minutes exactly, then Rest and slice.
Toss romaine, cucumber, celery, tomatoes, onion, mint, and coriander.
Top with chicken, cashews, and pomegranate. Finish with a pinch of black seeds.
Serve dressing on the side."
"Tomato Basil Soup",Soup,"Fresh Basil:120 | Garlic:40 | Olive Oil:40 | Psyllium Husks:150 | Smoked Paprika:10 | Tomato (Raw):2500 | Vegetable Broth (Base):500 | Water (Filtered):1600 | White Onion:350",350,35,35,7.8,1679,35.9,297.4,48,true,10,,,Nightshades,images/meals/tomato_basil_soup.png,"A thick traditional slow-simmered soup of crushed red plum tomatoes and fresh basil leaves","1. Sauté onion and garlic in olive oil for 3 minutes.
2. Add chopped tomatoes and broth. Simmer 20 minutes.
3. Blend with fresh basil until smooth.
4. Whisk in psyllium husks (1 tablespoon / 15 g per serving). Reheat and portion with extra basil on top."
"Vegan Curry Lentil Salad","Side Salad","Bell Pepper (Red):35 | Black Pepper:1 | Broccoli:50 | Carrots:40 | Cumin Ground:2 | French Lentils:60 | Fresh Coriander:5 | Kale:40 | Mint Coconut Chutney Dressing (Base):20 | Olive Oil:8 | Pumpkin Seeds:10 | Sea Salt:1 | Sesame Seeds:5 | White Onion:40",350,35,35,7.8,,,,,false,1,Balanced,,"Beans, Nightshades, Sesame, Spicy",images/meals/vegan_curry_lentil_salad.png,"French lentils simmered with caramelized onion, tossed with kale, sautéed broccoli, carrots, and red pepper, finished with mint coconut chutney, pumpkin seeds, and sesame.","1. Cook French lentils with cumin, sea salt, and black pepper until tender but not mushy. Drain.
2. Caramelize sliced white onion in olive oil over medium-low heat until deep golden; fold into the warm lentils and cool.
3. Sauté broccoli florets with a little olive oil until tender-crisp; cool slightly.
4. Toss lentils with kale, carrots, red pepper, coriander, pumpkin seeds, and sesame seeds.
5. Serve with Mint Coconut Chutney Dressing (Base) on the side or lightly dressed."
"Red Lentil Turmeric Soup",Soup,"Carrots:800 | Cumin Seeds:20 | Garlic:40 | Ginger (Raw):80 | Lemon Juice:80 | Lentils (Red):800 | Olive Oil:30 | Psyllium Husks:150 | Spinach (Fresh):400 | Turmeric Powder:20 | Vegetable Broth (Base):500 | Water (Filtered):1600 | White Onion:300",350,35,35,7.8,4520,230.7,826.6,48.6,true,10,Balanced,,"Beans, G6PD Trigger",images/meals/red_lentil_turmeric_soup.png,"Warming red lentil soup with carrots, turmeric, and fresh spinach.","1. Rinse red lentils.
2. Sauté onion, garlic, ginger, and spices for 2 minutes.
3. Add lentils, carrots, broth, and water. Simmer 25 minutes.
4. Stir in spinach until wilted. Finish with lemon juice.
5. Whisk in psyllium husks (1 tablespoon / 15 g per serving) and portion."
"Cauliflower Ginger Soup",Soup,"Black Pepper:10 | Cauliflower Florets:2200 | Garlic:40 | Ginger (Raw):120 | Homemade Coconut Milk:400 | Olive Oil:40 | Psyllium Husks:150 | Turmeric Powder:20 | Vegetable Stock:5 | Water (Filtered):1180 | White Onion:300",350,35,35,7.8,2117,55.5,338,75.9,true,10,Balanced,,,images/meals/cauliflower_ginger_soup.png,"Silky cauliflower soup brightened with ginger and turmeric.","1. Sauté onion and ginger in oil for 3 minutes.
2. Add cauliflower and stock. Simmer until very soft (18 min).
3. Blend with coconut milk until smooth.
4. Whisk in psyllium husks (1 tablespoon / 15 g per serving). Reheat and portion."
"Lentil Carrot Soup",Soup,"Carrots:1500 | Coriander Seeds:20 | Cumin Seeds:30 | French Lentils:700 | Fresh Parsley:50 | Garlic:40 | Lemon Juice:80 | Olive Oil:50 | Psyllium Husks:150 | Vegetable Broth (Base):500 | Water (Filtered):1300 | White Onion:350",350,35,35,7.8,4114,188.8,720,71.8,true,10,Balanced,,Beans,images/meals/carrot_cumin_soup.png,"Earthy carrot and French lentil soup with cumin and coriander.","Toast cumin seeds in a dry pan for 30 seconds.
Sauté onion, garlic, and carrots in oil for 5 minutes.
Add lentils, stock, and spices. Simmer until carrots and lentils are soft.
Blend partially or fully. Finish with parsley and lemon."
"Sweet Potato Fennel Soup",Soup,"Fennel Bulb:800 | Garlic:30 | Ginger (Raw):100 | Homemade Coconut Milk:350 | Olive Oil:40 | Psyllium Husks:150 | Sweet Potato:1200 | Turmeric Powder:20 | Vegetable Broth (Base):500 | Water (Filtered):1400 | White Onion:300",350,35,35,7.8,2809,41.8,524.8,68.6,true,10,Balanced,,,images/meals/sweet_potato_fennel_soup.png,"Golden sweet potato and fennel soup with ginger and coconut.","1. Sauté fennel and onion in oil until softened.
2. Add sweet potato, ginger, and broth. Simmer 20 minutes.
3. Blend with coconut milk until smooth.
4. Whisk in psyllium husks (1 tablespoon / 15 g per serving). Reheat and portion."
"Thai Red Curry Chicken w Roasted Pumpkin",Meal,"Chicken Breast:150 | Coconut Milk:35 | Fresh Coriander:5 | Palm sugar:5 | Pumpkin:90 | Red Thai Curry Paste (Base):45",350,32,28,12,,,,,false,5,Balanced,Follicular,"Fish, G6PD Trigger, Sesame, Spicy",images/meals/thai_red_curry_chicken_roasted_pumpkin.png,"Red Thai curry with seared chicken breast, roasted pumpkin, and fresh coriander.","Cube pumpkin and roast at 200°C until tender and lightly caramelized at the edges.
Season chicken breast with salt and pepper. Sear in a hot pan until golden and cooked through (74°C internal). Rest and slice.
Warm Red Thai Curry Paste (Base) with a splash of coconut milk, then whisk in the remaining coconut milk and simmer until smooth.
Add roasted pumpkin and palm sugar; simmer 2–3 minutes until fragrant.
Fold in sliced chicken and warm through. Garnish with fresh coriander and serve."
"Rosemary Garlic Chicken w Pomegranate Glaze, Beetroot & Rocca",Meal,"Beetroot:70 | Bell Pepper (Red):38 | Black Pepper:0.5 | Garlic (Raw):3 | Nutmeg:0.2 | Olive Oil (Extra Virgin):4 | Oregano:1 | Pomegranate Molasses:10 | Quinoa Flatbread (Base):97.5 | Red Onion:32 | Rocca:48 | Rosemary Garlic Chicken (Base):150 | Tomato (Raw):48",360,36,27,12,,,,,false,,Balanced,,"Gluten, Nightshades",images/meals/rosemary_garlic_chicken_pomegranate_beetroot_rocca.png,"Rosemary garlic chicken over warm quinoa flatbread with sautéed peppers and onion in pomegranate molasses, roasted beetroot, rocca, and raw tomato.","1. Prepare Rosemary Garlic Chicken (Base) and Quinoa Flatbread (Base) per base recipe instructions; keep the flatbread warm.
2. Roast or boil beetroot until tender. Cool, peel, and slice.
3. Sauté diced onion in olive oil until softened (4–5 min). Add sliced red pepper; cook 2–3 minutes. Stir in garlic and oregano.
4. Grill or pan-sear the rosemary garlic chicken until golden, then finish in the oven for 20 minutes exactly. Rest and slice.
5. Finish the sautéed vegetables with pomegranate molasses, black pepper, and a pinch of nutmeg.
6. Serve sliced chicken with warm quinoa flatbread, pomegranate vegetables, beetroot, rocca, and sliced raw tomato."
"Italian Meatballs in Marinara w Buckwheat Spaghetti",Meal,"Buckwheat Spaghetti (Cooked):150 | Italian Meatballs (Base):150 | Marinara Sauce (Base):130 | Olive Oil:4",350,35,35,7.8,,,,,false,1,Balanced,,"Eggs, Gluten, Nightshades, Nuts",images/meals/italian_meatballs_buckwheat_spaghetti.png,"Classic Italian-style lean beef meatballs simmered in house marinara over buckwheat spaghetti.","Prepare Italian Meatballs (Base) per base recipe instructions; brown and set aside.
Cook buckwheat spaghetti in boiling salted water until al dente. Drain, reserving a splash of pasta water.
Prepare Marinara Sauce (Base) per base recipe instructions. Return meatballs to the sauce and simmer 10–15 minutes until cooked through.
Toss spaghetti with a little sauce and olive oil. Serve topped with meatballs and extra marinara."
"Blackened Salmon in Creamy Cajun Sauce w Brown Herbal Rice",Meal,"Blackened Seasoning (Base):5 | Brown Herbal Rice (Base):75 | Creamy Cajun Sauce (Base):50 | Fresh Parsley:5 | Lime Juice:5 | Olive Oil (Extra Virgin):5 | Salmon (Raw):150",350,22.3,15.9,22.2,,,,,false,,Balanced,,"Beans, Fish, G6PD Trigger, Nightshades, Spicy",images/meals/blackened_salmon_cajun_herbal_rice.png,"Blackened salmon fillet in a rich coconut-cream Cajun sauce with fire-roasted tomatoes, served over brown herbal rice with dill and parsley.","Prepare Brown Herbal Rice (Base) per base recipe instructions.
Prepare Blackened Seasoning (Base) in a medium bowl. Lightly brush salmon all over with olive oil. Remove 2 tablespoons of the spice mix and rub evenly over the salmon; reserve the remaining seasoning for the sauce.
Heat 1 tablespoon olive oil in a large heavy-bottom skillet over medium-high heat (medium if your stove runs hot). Once hot, add salmon, turn heat to medium, and cook about 4 minutes until crispy and blackened. Flip and cook 3–6 minutes more to your liking. If browning too quickly, lower the heat. Transfer salmon to a plate and tent with foil.
In the same skillet, prepare Creamy Cajun Sauce (Base) using the reserved blackened seasoning per base recipe instructions (sauté onion, peppers, and garlic with the spice mix, then simmer with broth, tapioca, fire-roasted tomatoes, coconut cream, smoked paprika, and lime juice until thickened).
Return salmon to the skillet and cook briefly to heat through. Taste and adjust salt, pepper, and/or cayenne. Garnish with fresh parsley and extra lime juice if desired. Serve salmon and sauce over brown herbal rice."
"Salmon Cashew Cream & Roasted Mixed Vegetables",Meal,"Cashew Cream (Base):20 | Garlic (Raw):5 | Lemon Juice:5 | Parsley:3 | Roasted Mixed Vegetables (Base):90 | Salmon (Raw):150",360,28.1,9.6,23.3,,,,,false,1,Balanced,,"Fish, Nightshades, Nuts",images/meals/salmon_cashew_cream.png,"Pan-roasted salmon smothered in dairy-free garlic cashew cream with house roasted mixed vegetables, finished with fresh parsley.","Prepare Roasted Mixed Vegetables (Base) per base recipe instructions.
Pan-roast salmon fillet until cooked through, 4–5 minutes per side.
Warm Cashew Cream (Base) with minced garlic and lemon juice until silky; spoon over salmon.
Serve salmon with cashew cream and roasted mixed vegetables.
Garnish with chopped fresh parsley."
"Power Breakfast Bowl",Breakfast,"Avocado:50 | Cherry Tomatoes:30 | Cooked Quinoa (Base):50 | Eggs (Large):150 | Marinara Sauce (Base):15 | Mexican Beans (Base):50",,,,,,,,,false,,,,"Beans, Eggs, G6PD Trigger, Nightshades",meals/gcuOdRHctyDiXXnQ8fg7YHqJ5dNJ8OO3nBxP8Bqr.jpg,"Cooked quinoa, warm Mexican beans and marinara, avocado, cherry tomatoes, and sunny-side-up eggs.","Prepare Cooked Quinoa (Base) per base recipe instructions.
Warm Mexican Beans (Base) with Marinara Sauce (Base) in a small pot until heated through.
Halve the cherry tomatoes. Dice the avocado.
Perfect sunny-side-up eggs (cast iron or stainless steel, no sticking): place a clean cast iron or stainless steel pan over medium-low heat for 2 minutes. Add enough olive oil to coat the bottom and swirl to cover. For stainless steel, wait until the oil shimmers and moves easily across the pan. Crack the eggs gently into the pan, spaced apart. Cook without moving until the whites turn opaque at the edges and lift easily from the pan (2–3 minutes). Cover with a lid and cook 1 minute more until the whites are fully set and the yolks stay runny. Slide onto a plate with a thin spatula.
Spoon quinoa into a bowl. Top with warm beans and marinara, cherry tomatoes, and avocado.
Lay the sunny-side-up eggs on top. Serve immediately."
"Seared Beef Liver w Caramelized Onion, Spinach & Chimichurri",Meal,"Beef Liver:150 | Black Pepper:1 | Fermented Chimichurri (Base):20 | Garlic (Raw):4 | Lemon Juice:10 | Olive Oil (Extra Virgin):5 | Spinach (Fresh):90 | Steamed Basmati Rice (Base):65 | White Onion:45",360,36,27,12,,,,,false,1,Balanced,,,images/meals/seared_beef_liver_chimichurri.png,"Quick-seared beef liver with sweet caramelized onion, wilted spinach, steamed basmati, and fermented chimichurri.","Slice liver into thin strips. Season with black pepper.
Slow-cook sliced onion in olive oil over medium-low heat 12–15 minutes until golden and sweet.
Push onion aside. Sear liver strips 1–2 minutes per side until just cooked through. Remove from heat.
Wilt spinach in the same pan with garlic and a splash of lemon juice.
Prepare Steamed Basmati Rice (Base). Plate rice, spinach, and onion. Top with liver and Fermented Chimichurri (Base)."
"Beef & Liver Kefta w Herb Salad & Tahini",Meal,"Aleppo Pepper:5 | Beef Ground Lean:128 | Beef Liver:22 | Black Pepper:5 | Cucumber:40 | Cumin Seeds:2 | Dill (Fresh):5 | Fresh Coriander:10 | Garlic (Raw):4 | Lemon Juice:10 | Olive Oil (Extra Virgin):4 | Rocca:45 | Sea Salt:5 | Tahini:12 | Tomato (Raw):45 | White Onion:28",360,36,27,12,,,,,false,,Balanced,,"Nightshades, Sesame",images/meals/beef_liver_kefta_herb_salad.png,"Spiced beef and liver kefta patties with a bright herb salad and lemon-tahini drizzle.","Finely mince liver and mix with ground beef, grated onion, garlic, cumin, coriander, and dill. Shape into small patties.
Pan-sear kefta in olive oil until browned and cooked through. Rest briefly.
Toss rocca, tomato, and cucumber with lemon juice. Whisk tahini with a little water until pourable.
Plate kefta beside the herb salad. Drizzle with tahini and serve."
"Sautéed Chicken Liver w Pomegranate Molasses, Quinoa Flatbread & Rocca",Meal,"Bell Pepper (Red):45 | Black Pepper:1 | Chicken Liver:150 | Garlic (Raw):5 | Nutmeg:1 | Olive Oil (Extra Virgin):10 | Oregano:1 | Pomegranate Molasses:10 | Quinoa Flatbread (Base):97.5 | Red Onion:40 | Rocca:45 | Sea Salt:1 | Tomato (Raw):55",360,36,27,12,,,,,false,,,,"Gluten, Nightshades",images/meals/sauteed_chicken_liver_pomegranate_molasses.png,"Pan-sautéed chicken liver with red onion, peppers, and garlic, finished with pomegranate molasses and nutmeg, served with warm quinoa flatbread, rocca, and raw tomato.","Prepare Quinoa Flatbread (Base) per base recipe instructions; keep warm.
Sauté diced onion in olive oil over medium heat until softened (4–5 min).
Add sliced red pepper and cook 2–3 minutes. Stir in minced garlic and oregano.
Add chicken liver pieces. Sear 3 minutes per side until just cooked through.
Finish with pomegranate molasses, sea salt, black pepper, and a pinch of nutmeg.
Serve with warm quinoa flatbread, rocca, and sliced raw tomato."
"Banana Blueberry Balls",Dessert,"Almond Butter:5 | Almond Flour:15 | Banana:10 | Blueberries:10 | Cinnamon:1 | Flaxseeds:2 | Maple Syrup:10",193,5.4,17.3,12.8,,,,,false,,"Balanced, NutrientDense",,Nuts,images/meals/banana_blueberry_balls.png,"No-bake banana-blueberry energy balls with almond flour, flaxseed, maple syrup, and almond butter — 3 bites per serving (~193 kcal).","1. Pulse almond flour, flaxseeds, cinnamon, maple syrup, almond butter, banana, and blueberries in a food processor until the mixture holds together.
2. Roll into 3 bite-size balls (~19g each). One serving is all 3 balls.
3. Chill 30 minutes until firm. Serve cold."
"Mango Pumpkin Seed Greek Yogurt Chia Pudding",Dessert,"Greek Yogurt Chia Pudding (Base):150 | Mango:35 | Psyllium Husks:10 | Pumpkin Seeds:10",210.78,18.72,18.16,8.14,,,,,false,,Balanced,,Dairy,images/meals/mango_pumpkin_seed_chia_pudding.png,"Tropical Greek yogurt chia pudding topped with fresh mango and pumpkin seeds.","Prepare Greek Yogurt Chia Pudding (Base) ahead (chia, Greek yogurt, and honey) and chill until thick.
Spoon the set pudding into a bowl or jar.
Top with diced mango and pumpkin seeds.
Serve chilled."
"Spiced Crunch Greek Yogurt Chia Pudding",Dessert,"Almond whole:5 | Black Seeds:2 | Cinnamon:2 | Clove:1 | Greek Yogurt Chia Pudding (Base):150 | Ground Ginger:5 | Psyllium Husks:10 | Sesame Seeds:5",201.73,17.72,16.97,8.14,,,,,false,,Balanced,,"Dairy, Nuts, Sesame",images/meals/spiced_crunch_chia_pudding.png,"Warming spiced Greek yogurt chia pudding topped with almonds, black seeds, and sesame.","Prepare Greek Yogurt Chia Pudding (Base) ahead (chia, Greek yogurt, and honey) and chill until thick.
Spoon the set pudding into a bowl or jar.
Stir cinnamon, clove, and ginger through the pudding.
Top with chopped almonds, black seeds, and sesame seeds.
Serve chilled."
"Strawberry Almond Greek Yogurt Chia Pudding",Dessert,"Almond whole:5 | Black Seeds:2 | Greek Yogurt Chia Pudding (Base):150 | Psyllium Husks:10 | Sesame Seeds:5 | Strawberries:40",187.21,17.18,16.43,6.7,,,,,false,,Balanced,,"Dairy, Nuts, Sesame",images/meals/strawberry_almond_chia_pudding.png,"Greek yogurt chia pudding with fresh strawberries, almonds, black seeds, and sesame.","Prepare Greek Yogurt Chia Pudding (Base) ahead (chia, Greek yogurt, and honey) and chill until thick.
Spoon the set pudding into a bowl or jar.
Fold in sliced strawberries and almonds.
Top with black seeds and sesame seeds.
Serve chilled."
"Peach Pecan Greek Yogurt Chia Pudding",Dessert,"Cinnamon:1 | Fresh Mint:5 | Greek Yogurt Chia Pudding (Base):150 | Peach:35 | Pecans:10 | Psyllium Husks:10",205.44,16.57,16.97,8.98,,,,,false,,Balanced,,"Dairy, Nuts",images/meals/peach_pecan_chia_pudding.png,"Greek yogurt chia pudding with sweet peach, pecans, cinnamon, and mint.","Prepare Greek Yogurt Chia Pudding (Base) ahead (chia, Greek yogurt, and honey) and chill until thick.
Spoon the set pudding into a bowl or jar.
Top with sliced peach, pecans, cinnamon, and mint.
Serve chilled."
"Raspberry Cacao Greek Yogurt Chia Pudding",Dessert,"Cacao Nibs:5 | Cocoa Powder:10 | Greek Yogurt Chia Pudding (Base):150 | Psyllium Husks:5 | Raspberries:35",180.64,16.75,18.28,5.61,,,,,false,,Balanced,,Dairy,images/meals/raspberry_cacao_chia_pudding.png,"Dark cacao Greek yogurt chia pudding with raspberries and cacao nibs.","Prepare Greek Yogurt Chia Pudding (Base) ahead (chia, Greek yogurt, and honey) and chill until thick.
Spoon the set pudding into a bowl or jar.
Fold in raspberries, cacao nibs, and cocoa powder.
Serve chilled."
"Cacao & Almond Greek Yogurt Chia",Dessert,"Almond Butter:5 | Almond whole:5 | Cocoa Powder:5 | Greek Yogurt Chia Pudding (Base):150 | Psyllium Husks:10",179.67,17.29,14.45,6.97,,,,,false,,Balanced,,"Dairy, Nuts",images/meals/cacao_almond_chia.png,"Rich cacao Greek yogurt chia pudding swirled with almond butter and almonds.","Prepare Greek Yogurt Chia Pudding (Base) ahead (chia, Greek yogurt, and honey) and chill until thick.
Spoon the set pudding into a bowl or jar.
Swirl in almond butter and cocoa powder. Top with chopped almonds.
Serve chilled."
"Greek Yogurt Chia Pudding Smoothie",Dessert,"Banana:25 | Greek Yogurt Chia Pudding (Base):150 | Psyllium Husks:10 | Strawberries:30",165.73,15.91,19.85,3.26,,,,,false,,Balanced,,Dairy,images/meals/chia_pudding_smoothie.png,"Layered Greek yogurt chia pudding with a strawberry-banana smoothie top.","Prepare Greek Yogurt Chia Pudding (Base) ahead and chill until thick.
Spoon the set pudding into the bottom of a glass or jar.
Blend strawberries and banana until smooth.
Pour the fruit smoothie over the chia layer. Serve chilled."
"Halloumi & Spinach Scramble",Breakfast,"Black Pepper:1 | Egg:100 | Halloumi:40 | Olive Oil:10 | Spinach (Fresh):40",260,24,4,16,,,,,false,,Balanced,,Eggs,images/meals/halloumi_spinach_scramble.png,"Grilled halloumi folded through softly scrambled eggs with wilted spinach.","Heat half the olive oil in a non-stick skillet over medium heat. Wilt spinach for 1 minute, then set aside.
Grill halloumi in the remaining oil until golden on both sides.
Beat eggs, add to the skillet with a little more oil if the pan looks dry, and scramble gently until just set.
Fold halloumi and spinach through the eggs. Season with black pepper and serve warm."
"Greek Yogurt & Parmesan Frittata",Breakfast,"Bell Pepper (Red):30 | Black Pepper:1 | Egg:100 | Greek Yogurt:40 | Olive Oil:5 | Parmesan:15 | Spinach (Fresh):30",250,26,8,12,,,,,false,,Balanced,,"Dairy, Eggs, Nightshades",images/meals/greek_yogurt_parmesan_frittata.png,"Fluffy oven-baked frittata with Greek yogurt for extra protein and parmesan finish.","1. Heat oven to 180°C (350°F).
2. Whisk eggs with Greek yogurt, salt, and pepper. Fold in spinach and diced pepper.
3. Brush an oven-safe pan with olive oil, pour in the mixture, and bake 12–15 minutes until set.
4. Finish with grated parmesan and serve warm from the pan."
"Feta & Herb Open Omelet",Breakfast,"Bell Pepper (Red):25 | Black Pepper:1 | Dill (Fresh):5 | Egg:110 | Feta:35 | Olive Oil:10 | Spinach (Fresh):30",245,24,6,14,,,,,false,,Balanced,,"Dairy, Eggs, Nightshades",images/meals/feta_herb_open_omelet.png,"Open omelet with crumbled feta, peppers, spinach, and fresh dill.","1. Heat olive oil in a non-stick pan over medium heat. Sauté pepper and spinach until tender (2–3 min).
2. Beat eggs with black pepper. Pour over the vegetables and cook until the bottom is set.
3. Crumble feta and dill over the top. Fold one side over and slide onto a plate."
"Brie & Mushroom Skillet Eggs",Breakfast,"Black Pepper:1 | Brie:30 | Egg:100 | Mushrooms:60 | Olive Oil:10 | Thyme (Fresh):5 | White Onion:20",270,22,6,18,,,,,false,,Balanced,,Eggs,images/meals/brie_mushroom_skillet_eggs.png,"Sautéed mushrooms and brie with skillet eggs and thyme.","1. Heat olive oil in a skillet over medium heat. Sauté onion and mushrooms until golden (5–6 min).
2. Add thyme. Make small wells and crack in eggs. Cover and cook on low until whites are set.
3. Top with brie slices, cover briefly to melt, and season with black pepper. Serve from the skillet."
"Parmesan Shakshuka",Breakfast,"Bell Pepper (Red):40 | Egg:110 | Garlic (Raw):5 | Olive Oil:5 | Parmesan:20 | Smoked Paprika:1 | Tomato (Raw):150 | White Onion:30",255,23,14,12,,,,,false,,Balanced,,"Dairy, Eggs, Nightshades",images/meals/parmesan_shakshuka.png,"Poached eggs in a tomato-pepper skillet finished with grated parmesan.","1. Heat olive oil in a skillet. Sauté onion, pepper, and garlic until softened (5 min).
2. Add crushed tomato and smoked paprika. Simmer 8–10 minutes until saucy.
3. Make wells in the sauce, crack in eggs, cover, and cook on low until whites are set (5–7 min).
4. Finish with grated parmesan and serve straight from the pan."
"Halloumi Egg Stack",Breakfast,"Black Pepper:1 | Cherry Tomatoes:30 | Egg:100 | Greek Yogurt:30 | Halloumi:35 | Olive Oil:5 | Spinach (Fresh):30",255,25,6,14,,,,,false,,Balanced,,"Dairy, Eggs, Nightshades",images/meals/halloumi_egg_stack.png,"Poached eggs on grilled halloumi with lemony Greek yogurt and wilted spinach.","1. Brush halloumi lightly with olive oil and grill until golden on both sides.
2. Wilt spinach in a pan with the remaining olive oil. Halve cherry tomatoes.
3. Poach eggs until whites are set and yolks are runny.
4. Layer halloumi, spinach, and poached eggs. Spoon Greek yogurt on top and finish with black pepper."
"Feta & Dill Egg Muffins",Breakfast,"Black Pepper:1 | Dill (Fresh):5 | Egg:110 | Feta:30 | Olive Oil:5 | Spinach (Fresh):25 | Spring Onion:15",250,23,5,15,,,,,false,,Balanced,,"Dairy, Eggs",images/meals/feta_dill_egg_muffins.png,"Baked feta and dill egg muffins — three protein-forward bites per serving.","1. Heat oven to 180°C (350°F). Brush a muffin tin with olive oil.
2. Whisk eggs with salt, pepper, chopped dill, and spring onion.
3. Fold in spinach and crumbled feta. Divide between cups, filling about three-quarters full.
4. Bake 15–18 minutes until set in the centre. Cool 5 minutes before serving."
"Spiced Beef & Liver Meatballs w Roasted Tomato Couscous",Meal,"Beef Ground Lean:112.5 | Beef Liver:45.5 | Cherry Tomatoes:80 | Cooked Couscous (Base):90 | Fresh Basil:5 | Garlic (Raw):4 | Lemon-Tahini Dressing (Base):15 | Marinara Sauce (Base):90 | Olive Oil (Extra Virgin):4 | Ras El Hanout (Base):2 | Sesame Seeds:7.3333 | White Onion:28",360,36,27,12,,,,,false,1,Balanced,,"Gluten, Nightshades",images/meals/spiced_beef_liver_meatballs_couscous.png,"Spiced beef and liver meatballs simmered in marinara over fluffy couscous with roasted cherry tomatoes, lemon-tahini drizzle, and sesame seeds.","Finely mince beef liver and mix with ground beef, grated onion, garlic, and Ras El Hanout (Base). Roll into small meatballs.
Brown meatballs in olive oil; add Marinara Sauce (Base) and cherry tomatoes. Simmer 8–10 minutes until cooked through.
Prepare Cooked Couscous (Base) per base recipe instructions. Plate couscous, top with meatballs and sauce, drizzle with Lemon-Tahini Dressing (Base), sprinkle sesame seeds over the top, and finish with fresh basil."
"Beef & Liver Stuffed Zucchini w Marinara & Basil",Meal,"Beef Ground Lean:130 | Beef Liver:20 | Fresh Basil:10 | Garlic (Raw):5 | Marinara Sauce (Base):80 | Olive Oil (Extra Virgin):5 | Oregano:1 | White Onion:10 | Zucchini:250",360,36,27,12,,,,,false,1,Balanced,,Nightshades,images/meals/beef_liver_stuffed_zucchini_marinara.png,"Tender zucchini boats stuffed with seasoned beef and minced liver, baked in marinara with fresh basil.","Halve zucchini lengthwise and scoop a shallow channel. Lightly salt and rest 10 minutes; pat dry.
Finely mince liver and mix with ground beef, grated onion, garlic, and oregano. Fill zucchini boats with the mixture.
Spoon Marinara Sauce (Base) into a baking dish. Nestle stuffed zucchini in the sauce, drizzle with olive oil, and bake at 190°C (375°F) for 25–30 minutes until zucchini is tender and filling is cooked through. Finish with fresh basil."
"Miso Carrot Ginger Soup",Soup,"Black Pepper:3 | Carrots:1125 | Garlic (Raw):30 | Ginger (Raw):30 | Miso Paste:110 | Olive Oil (Extra Virgin):70 | Psyllium Husks:150 | Sea Salt:5 | Seaweed (Nori):10 | Sesame Oil:10 | Shichimi Togarashi (Base):20 | Spring Onion:80 | Vegetable Broth (Base):2000 | White Onion:375",,,,,2493,41.3,383.9,96.4,true,10,,,Soy,images/meals/miso_carrot_ginger_soup.png,"Golden carrot-ginger miso soup with roasted nori, scallions, sesame oil, and shichimi togarashi.","1. Heat olive oil over medium-high heat in a soup pot. Sauté onion, garlic, and carrot until the onion is translucent, about 10 minutes.
2. Add ginger and Vegetable Broth (Base). Mix well and bring to a boil. Reduce heat to a simmer, cover, and cook until the carrot is very tender, about 30 minutes.
3. Turn off the heat. Puree the soup with an immersion blender (or carefully in a blender, then return to the pot).
4. In a small bowl, whisk white miso paste with a ladle of the hot soup until fully dissolved. Stir the miso mixture back into the pot. Season with sea salt and black pepper if needed.
5. Whisk in psyllium husks (1 tablespoon / 15 g per serving). Reheat gently without boiling.
6. Serve hot. Garnish each bowl with spring onion, roasted nori, Shichimi Togarashi (Base), and a drizzle of sesame oil."
"Tahini Purslane Pepper Salad","Side Salad","Bell Pepper (Red):50 | Lemon-Tahini Dressing (Base):20 | Purslane:55 | Roasted Cherry Tomato (Base):45 | Sesame Seeds:10",,,,,,,,,false,,NutrientDense,,"Nightshades, Sesame",images/meals/tahini_purslane_pepper_salad.png,"Purslane and red pepper with roasted cherry tomatoes, sesame seeds, and lemon-tahini dressing.","1. Prepare Roasted Cherry Tomato (Base) and Lemon-Tahini Dressing (Base) per base recipe instructions.
2. Toss purslane, sliced bell pepper, and roasted cherry tomatoes in a bowl.
3. Scatter sesame seeds over the salad.
4. Serve dressing on the side."
"Sauerkraut & Rocca Salad","Side Salad","Almond whole:6 | Avocado:25 | Cherry Tomatoes:45 | Cilantro Lime Dressing (Base):15 | Rocca:80 | Sauerkraut (Base):40",,,,,,,,,false,,NutrientDense,,"Nightshades, Nuts",images/meals/sauerkraut_rocca_salad.png,"Homemade sauerkraut with airy rocca, avocado, cherry tomatoes, and sliced almonds — packed for a 500 ml bowl with cilantro-lime dressing on the side.","1. Prepare Sauerkraut (Base) per base recipe instructions; gently drain.
2. Toss drained sauerkraut, rocca, halved cherry tomatoes, diced avocado, and sliced or crushed almonds. Portion into a 500 ml container.
3. Serve Cilantro Lime Dressing (Base) on the side in a 20 ml cup."
"Grilled Mackerel w Roasted Vegetables",Meal,"Black Pepper:1 | Buckwheat Spaghetti (Cooked):20 | Fresh Coriander:10 | Fresh Parsley:10 | Garlic (Raw):5 | Lemon Juice:10 | Loomi (Black Lime):5 | Mackerel:200 | Mustard Seeds:2 | Olive Oil (Extra Virgin):10 | Roasted Mixed Vegetables (Base):100 | Sea Salt:1",,,,,,,,,false,,NutrientDense,,"Gluten, Nightshades",images/meals/grilled_mackerel_roasted_vegetables.png,"Grilled mackerel with lemon-garlic marinade, roasted mixed vegetables, and buckwheat spaghetti.","1. Prepare Roasted Mixed Vegetables (Base) and Buckwheat Spaghetti (Cooked) per base recipe instructions; keep warm.
2. Lightly crush the loomi (black lime) and mustard seeds. Mince the garlic and chop the fresh coriander and parsley.
3. Whisk olive oil, lemon juice, garlic, sea salt, black pepper, crushed loomi, and mustard seeds into a bright marinade.
4. Score the mackerel fillets and coat with the marinade. Rest 10 minutes.
5. Grill or pan-sear skin-side down over medium-high heat until the skin is crisp and the flesh is cooked through, about 4–5 minutes per side.
6. Serve the fish over buckwheat spaghetti with roasted mixed vegetables. Finish with fresh coriander and parsley."
"Grilled Mackerel w Lemon Herb Quinoa",Meal,"Cooked Quinoa (Base):80 | Lemon Juice:10 | Mackerel:140 | Olive Oil:10 | Parsley:10",,,,,,,,,false,,NutrientDense,,,,"Mackerel over lemon herb quinoa — dense in D and B12.","1. Prepare Cooked Quinoa (Base) per base recipe instructions. Fold in chopped parsley and half the lemon juice.
2. Score mackerel fillets. Whisk olive oil, remaining lemon juice, sea salt, and black pepper. Coat fish and rest 10 minutes.
3. Grill or pan-sear skin-side down over medium-high heat until skin is crisp and flesh is cooked through, about 4–5 minutes per side.
4. Serve mackerel over lemon herb quinoa."
"Seared Beef Liver w Roasted Beetroot, Chard & Chimichurri",Meal,"Beef Liver:150 | Beetroot:90 | Black Pepper:0.5 | Cabbage (Purple):55 | Carrots:55 | Chard:80 | Cooked Quinoa (Base):75 | Fermented Chimichurri (Base):18 | Garlic (Raw):4 | Lemon Juice:8 | Olive Oil (Extra Virgin):5 | Sesame Seeds:10 | White Onion:35",,,,,,,,,false,,Balanced,,Sesame,images/meals/seared_beef_liver_beetroot_chimichurri_quinoa.png,"Quick-seared beef liver with fluffy quinoa, roasted beetroot, wilted chard, and fermented chimichurri.","Toss beetroot and carrots with half the olive oil. Roast at 200°C until tender and lightly caramelised.
Slow-cook sliced onion in the remaining olive oil over medium-low heat until golden and sweet.
Season liver strips with black pepper. Sear 1–2 minutes per side until just cooked through; remove from heat.
Wilt chard and cabbage in the same pan with garlic and lemon juice.
Prepare Cooked Quinoa (Base). Plate quinoa, roasted vegetables, and greens. Top with liver and Fermented Chimichurri (Base)."
"Sautéed Chicken Liver w Garlicky Cabbage & Peppers",Meal,"Bell Pepper (Red):50 | Black Pepper:0.5 | Cabbage (Purple):85 | Cherry Tomatoes:35 | Chicken Liver:150 | Garlic (Raw):5 | Nutmeg:0.2 | Olive Oil (Extra Virgin):6 | Oregano:1 | Pomegranate Molasses:10 | Quinoa Flatbread (Base):97.5 | Red Onion:35 | Sea Salt:0.5",,,,,,,,,false,,Balanced,,"Gluten, Nightshades",images/meals/sauteed_chicken_liver_garlicky_cabbage_peppers.png,"Pan-sautéed chicken liver with garlicky cabbage and peppers.","Prepare Quinoa Flatbread (Base) per base recipe instructions; keep warm.
Pat chicken liver dry and season with sea salt, black pepper, and nutmeg.
Warm olive oil in a wide pan. Sauté red onion and garlic until fragrant. Add sliced cabbage and bell pepper; cook until softened (4–5 min).
Push vegetables to the side. Sear livers 1–2 minutes per side until browned outside and just cooked through.
Stir cherry tomatoes and oregano into the vegetables. Finish with pomegranate molasses.
Serve livers with garlicky cabbage and peppers alongside warm quinoa flatbread."
"Carrot Cumin Soup",Soup,"Carrots:1500 | Coriander Seeds:20 | Cumin Seeds:30 | French Lentils:700 | Fresh Parsley:50 | Garlic:40 | Lemon Juice:80 | Olive Oil:50 | Psyllium Husks:150 | Vegetable Broth (Base):30 | Water (Filtered):1395 | White Onion:350",,,,,4064,187.2,708.7,71.4,true,10,Balanced,,Beans,images/meals/carrot_cumin_soup.png,"Hearty carrot and French lentil soup with cumin, fresh parsley, and psyllium husks for fiber.","1. Toast cumin seeds in a dry pan for 30 seconds.
2. Sauté onion, garlic, and carrots in oil for 5 minutes.
3. Add lentils, stock, and spices. Simmer until carrots and lentils are soft.
4. Blend partially or fully. Finish with parsley and lemon.
5. Whisk in psyllium husks (1 tablespoon / 15 g per serving) and portion."
"Gouda & Spinach Scramble",Breakfast,"Black Pepper:1 | Egg:100 | Gouda:40 | Grass Fed Butter:10 | Spinach (Fresh):50",260,25,4,15,,,,,false,,Balanced,,"Dairy, Eggs",images/meals/gouda_spinach_scramble.png,"Melted gouda folded through softly scrambled eggs with wilted spinach.","1. Heat half the grass-fed butter in a non-stick skillet over medium heat. Wilt spinach for 1 minute, then set aside.
2. Dice gouda and melt it in the remaining butter over medium-low heat until just beginning to soften.
3. Beat eggs, add to the skillet with a little more butter if the pan looks dry, and scramble gently until just set.
4. Fold gouda and spinach through the eggs. Season with black pepper and serve warm."
"Butternut Squash & Eggs",Breakfast,"Butternut Squash:19.5778 | Chickpea Flour:15 | Dill (Fresh):10 | Eggs (Large):258 | Marinara Sauce (Base):80 | Olive Oil:10 | Paprika:1 | Red Onion:35",,,,,,,,,false,,NutrientDense,,"Beans, Eggs, G6PD Trigger, Nightshades",,"Roasted butternut squash baked with eggs, chickpea flour, and dill — topped with fried eggs and warm marinara on the side.","1. Preheat the oven to 180°C (350°F).
2. Cut butternut squash into 2 cm cubes. Toss with half the olive oil, paprika, and sea salt. Roast on a tray until tender and lightly golden (25–30 min).
3. Dice red onion (or thinly slice spring onion). Sauté in the remaining olive oil in an oven-safe skillet until softened (4–5 min).
4. Whisk two large eggs with chickpea flour and chopped dill. Fold in roasted squash and sautéed onion.
5. Pour into the skillet and bake until the centre is just set (15–18 min).
6. Fry two large eggs in a little olive oil until whites are crisp and yolks are runny.
7. Prepare Marinara Sauce (Base) per base recipe instructions. Warm and serve on the side.
8. Top the bake with fried eggs and serve with marinara."
"Peri Peri Chicken Liver w Zucchini Bread",Meal,"Bay Leaves:5 | Bell Pepper (Red):48 | Black Pepper:1 | Cashew Cream (Base):50 | Chicken Liver:166 | Fire Roasted Tomatoes (Base):30 | Fresh Parsley:5 | Garlic (Raw):5 | Grass Fed Butter:5 | Lemon Juice:8.7273 | Olive Oil (Extra Virgin):5 | Oregano:1 | Red Chili:5 | Sea Salt:1 | Smoked Paprika:1 | White Onion:2.4 | Worcestershire:5 | Zucchini Almond Bread (Base):45 | cumin powder:1",,,,,,,,,false,,"Balanced, NutrientDense",,"Dairy, Eggs, Gluten, Nightshades, Nuts",images/meals/peri_peri_chicken_liver_zucchini_bread.png,"Creamy peri peri chicken livers with smoked paprika, chili, and lemon, served with warm zucchini almond bread.","Prepare Zucchini Almond Bread (Base) per base recipe instructions; keep warm.
Pat Chicken Liver dry and season with Sea Salt and Black Pepper.
Warm Grass Fed Butter and Olive Oil (Extra Virgin) in a wide pan. Soften White Onion, then add Garlic (Raw), Bell Pepper (Red), and Red Chili until fragrant.
Sear the livers until browned outside but still pink in the center; remove to a plate.
Stir in Fire Roasted Tomatoes (Base), cumin powder, Smoked Paprika, Oregano, Bay Leaves, and Worcestershire. Deglaze with Lemon Juice (optional splash of brandy).
Return livers to the pan, stir in Cashew Cream (Base), and simmer gently until the sauce thickens and livers are just cooked through. Discard bay leaves.
Finish with Fresh Parsley and serve with warm Zucchini Almond Bread (Base)."
"Chicken Quinoa Plate",Meal,"Broccoli Raw:80 | Chicken Breast:150 | Cooked Quinoa (Base):160 | Cumin Ground:4 | Olive Oil:14",,,,,,,,,false,,,,,,"Cumin-spiced chicken breast with quinoa, broccoli, and olive oil.","1. Prepare Cooked Quinoa (Base) per base recipe instructions; keep warm.
2. Season chicken breast with ground cumin, sea salt, and black pepper.
3. Heat olive oil in a pan. Pan-sear chicken 5–6 minutes per side until cooked through. Rest and slice.
4. Steam or roast broccoli until bright green and tender.
5. Plate quinoa, broccoli, and sliced chicken."
